<?xml version="1.0" encoding="UTF-8"?>
<!--
FIGYELEM!

Ez az XML állomány, továbbá 
- a benne foglalt információk 
- a benne szereplő szabályok
- alapjául szolgáló XSD séma 
semmilyen tekintetben nem tekinthető késznek vagy véglegesnek!

Ezek célja mindössze az, hogy arra mutasson korai példát, hogy várhatóan milyen módon kerülnek majd egyes 
nyomtatványokon kiértékelhető szabályok XPATH kifejezésként publikálásra. Az állományok közzététele a 
szoftverfejlesztők felkészülését támogatja, nem specifikáció!

Jelen példa a B400E nyomtatványon alapul. 
-->
<DocumentRules xmlns="https://m2m.nav.gov.hu/supportingMaterial/4.0/documentRules" documentId="B400E" xmlns:xsi="http://www.w3.org/2001/XMLSchema-instance" xsi:schemaLocation="https://m2m.nav.gov.hu/supportingMaterial/4.0/documentRules rules_pub_20251015.xsd">
	<Form formId="B400E">
		<Elem name="Field_0DXXXXD0002AA" type="FIELD">
			<Rules>
				<Rule ruleId="17069">
					<Xpath>//Block_120073/Chain_120264/Chain_elem[(not(if ( ((not(boolean((if (FieldGroup_120076/Field_0DXXXXD0002AA/text()) then (FieldGroup_120076/Field_0DXXXXD0002AA/text()) else false)) )) or (boolean((if (//Block_120061/FieldGroup_120062/Field_0A0001E001A/text()) then (//Block_120061/FieldGroup_120062/Field_0A0001E001A/text()) else ''))  or (count(((//Block_120061/FieldGroup_120062/Field_0A0001E015A/text()), (//Block_120061/FieldGroup_120062/Field_0A0001E016A/text()) , (//Block_120061/FieldGroup_120062/Field_0A0001E017A/text()) , (//Block_120061/FieldGroup_120062/Field_0A0001E018A/text()) , (//Block_120061/FieldGroup_120062/Field_0A0001E019A/text())  )) = 5)))) then true() else (false())))]/[fn:path(),'A cserét pótló vétel kedvezménye csak magánszemély #13vagyonszerző esetén választható. (Hibakód=&lt;M008&gt;)']</Xpath>
					<RuleType>VALIDITY_RULE</RuleType>
					<Severity>CRITICAL</Severity>
				</Rule>
				<Rule ruleId="17329">
					<Xpath>//Block_120073/Chain_120264/Chain_elem[(not(if ( ((not(boolean((if (FieldGroup_120076/Field_0DXXXXD0002AA/text()) then (FieldGroup_120076/Field_0DXXXXD0002AA/text()) else false)) )) or not((if (//Block_120097/FieldGroup_120063/Field_0A0001F003A/text()) then (xs:decimal(//Block_120097/FieldGroup_120063/Field_0A0001F003A/text())) else xs:decimal(0))=(2 )))) then true() else (false())))]/[fn:path(),'A cserét pótló vétel kedvezménye csak visszterhes szerzés #13esetén választható. (Hibakód=&lt;M010&gt;)']</Xpath>
					<RuleType>VALIDITY_RULE</RuleType>
					<Severity>CRITICAL</Severity>
				</Rule>
			</Rules>
		</Elem>
		<Elem name="Field_0BXXXXD0005BA" type="FIELD">
			<Rules>
				<Rule ruleId="17009">
					<Xpath>//Block_120066/Chain_120067/Chain_elem[(not(if ( ((count(((FieldGroup_120068/Field_0BXXXXD0005AA/text()), (FieldGroup_120068/Field_0BXXXXD0005BA/text())  )) = 2))) then true() else (false())))]/[fn:path(),'A tulajdoni hányadot kötelező megadni. #13(Hibakód=&lt;I006&gt;)']</Xpath>
					<RuleType>VALIDITY_RULE</RuleType>
					<Severity>CRITICAL</Severity>
				</Rule>
				<Rule ruleId="17010">
					<Xpath>//Block_120066/Chain_120067/Chain_elem[(not(if ( (((if (FieldGroup_120068/Field_0BXXXXD0005BA/text()) then (xs:decimal(FieldGroup_120068/Field_0BXXXXD0005BA/text())) else xs:decimal(0)) &gt;= (if (FieldGroup_120068/Field_0BXXXXD0005AA/text()) then (xs:decimal(FieldGroup_120068/Field_0BXXXXD0005AA/text())) else xs:decimal(0))))) then true() else (false())))]/[fn:path(),'A tulajdoni hányad nem lehet több, mint az ingatlan egésze. #13(Hibakód=&lt;I007&gt;)']</Xpath>
					<RuleType>VALIDITY_RULE</RuleType>
					<Severity>CRITICAL</Severity>
				</Rule>
			</Rules>
		</Elem>
		<Elem name="Field_0FXXXXC00506A" type="FIELD">
			<Rules>
				<Rule ruleId="17840">
					<Xpath>//Block_120073/Chain_120317/Chain_elem[(not(if ( ((not(boolean((if (FieldGroup_120224/Field_0FXXXXC00506A/text()) then (FieldGroup_120224/Field_0FXXXXC00506A/text()) else false)) )) or ((if (Field_29693/text()) then (xs:decimal(Field_29693/text())) else xs:decimal(0)) = 1))) then true() else (false())))]/[fn:path(),'Mivel jelölte, hogy a kiválasztott kedvezményt/mentességet #13valamennyi megszerzett ingatlanra igénybe kívánja venni, #13így ezt a kedvezménycsoportot másik ingatlanra már nem #13töltheti ki! Ha korábban mégis kitöltötte, akkor törölje a #13másik ingatlanra kitöltött mentesség/kedvezménylapot az #13Ingatlan törlése funkcióval vagy törölje a jelölést a #13valamennyi ingatlanra vonatkozó mentesség/kedvezmény #13igénybevételére vonatkozó jelölőnégyzetből! #13(Hibakód=&lt;M185&gt;)']</Xpath>
					<RuleType>VALIDITY_RULE</RuleType>
					<Severity>CRITICAL</Severity>
				</Rule>
			</Rules>
		</Elem>
		<Elem name="Field_0BXXXXE0010BA" type="FIELD">
			<Rules>
				<Rule ruleId="17438">
					<Xpath>//Block_120066/Chain_120067/Chain_elem[(not(if ( ((not(boolean((if (FieldGroup_120068/Field_0BXXXXE0010AA/text()) then (FieldGroup_120068/Field_0BXXXXE0010AA/text()) else false)) )) or boolean((if (FieldGroup_120068/Field_0BXXXXE0010BA/text()) then (xs:decimal(FieldGroup_120068/Field_0BXXXXE0010BA/text())) else xs:decimal(0))) )) then true() else (false())))]/[fn:path(),'Kötelező megadni, hogy a vagyonszerző a megszerzett #13ingatlanon kiválasztott jogát milyen tulajdoni hányadban #13szerezte meg. (Hibakód=&lt;I011&gt;)']</Xpath>
					<RuleType>VALIDITY_RULE</RuleType>
					<Severity>CRITICAL</Severity>
				</Rule>
			</Rules>
		</Elem>
		<Elem name="Field_0A0001F002A" type="FIELD">
			<Rules>
				<Rule ruleId="17059">
					<Xpath>//Block_120097[(not(if ( (boolean((if (//Block_120097/FieldGroup_120063/Field_0A0001F002A/text()) then (format-date(xs:date(//Block_120097/FieldGroup_120063/Field_0A0001F002A/text()), '[Y0000][M00][D00]')) else format-date(xs:date('1900-01-01'), '[Y0000][M00][D00]'))) )) then true() else (false())))]/[fn:path(),'Az okirat keltének időpontját kötelező megadni. #13(Hibakód=&lt;O002&gt;)']</Xpath>
					<RuleType>VALIDITY_RULE</RuleType>
					<Severity>CRITICAL</Severity>
				</Rule>
			</Rules>
		</Elem>
		<Elem name="Field_0BXXXXF0022AA" type="FIELD">
			<Rules>
				<Rule ruleId="17032">
					<Xpath>//Block_120066/Chain_120067/Chain_elem[(not(if ( ((not((count(((FieldGroup_120068/Field_0BXXXXF0016AA/text()), (FieldGroup_120068/Field_0BXXXXF0017AA/text()) , (FieldGroup_120068/Field_0BXXXXF0018AA/text()) , (FieldGroup_120068/Field_0BXXXXF0019AA/text()) , (FieldGroup_120068/Field_0BXXXXF0020AA/text()) , (FieldGroup_120068/Field_0BXXXXF0021AA/text())  )) &gt; 0))) or ((boolean((if (FieldGroup_120068/Field_0BXXXXF0022AA/text()) then (xs:decimal(FieldGroup_120068/Field_0BXXXXF0022AA/text())) else xs:decimal(0)))  and ((if (FieldGroup_120068/Field_0BXXXXF0022AA/text()) then (xs:decimal(FieldGroup_120068/Field_0BXXXXF0022AA/text())) else xs:decimal(0)) &gt; 0)) and ((if (FieldGroup_120068/Field_0BXXXXF0022AA/text()) then (xs:decimal(FieldGroup_120068/Field_0BXXXXF0022AA/text())) else xs:decimal(0)) &lt;= (if (FieldGroup_120068/Field_0BXXXXD0006AA/text()) then (xs:decimal(FieldGroup_120068/Field_0BXXXXD0006AA/text())) else xs:decimal(0)))))) then true() else (false())))]/[fn:path(),'Melléképület, vagy főépületben lévő, de nem lakásnak #13minősülő helyiség kiválasztása esetén meg kell adni #13annak/azok értékét is, ami nulla forint nem lehet, továbbá #13nem lehet több, mint az okirattal érintett tulajdoni hányad #13okirat szerinti, ennek hiányában nyilatkozott értéke mezőbe #13írt érték. (Hibakód=&lt;I017&gt;)']</Xpath>
					<RuleType>VALIDITY_RULE</RuleType>
					<Severity>CRITICAL</Severity>
				</Rule>
				<Rule ruleId="17033">
					<Xpath>//Block_120066/Chain_120067/Chain_elem[(not(if ( ((not(boolean((if (FieldGroup_120068/Field_0BXXXXF0022AA/text()) then (xs:decimal(FieldGroup_120068/Field_0BXXXXF0022AA/text())) else xs:decimal(0))) )) or (count(((FieldGroup_120068/Field_0BXXXXF0016AA/text()), (FieldGroup_120068/Field_0BXXXXF0017AA/text()) , (FieldGroup_120068/Field_0BXXXXF0018AA/text()) , (FieldGroup_120068/Field_0BXXXXF0019AA/text()) , (FieldGroup_120068/Field_0BXXXXF0020AA/text()) , (FieldGroup_120068/Field_0BXXXXF0021AA/text())  )) &gt; 0))) then true() else (false())))]/[fn:path(),'A melléképület vagy lakásnak nem minősülő helyiség értéke #13csak a jellegének kiválasztását követően adható meg. #13(Hibakód=&lt;I018&gt;)']</Xpath>
					<RuleType>VALIDITY_RULE</RuleType>
					<Severity>CRITICAL</Severity>
				</Rule>
			</Rules>
		</Elem>
		<Elem name="Field_0FXXXXD0034AA" type="FIELD">
			<Rules>
				<Rule ruleId="17165">
					<Xpath>//Block_120073/Chain_120319/Chain_elem[(not(if ( ((not(boolean((if (FieldGroup_120084/Field_0FXXXXD0034AA/text()) then (FieldGroup_120084/Field_0FXXXXD0034AA/text()) else false)) )) or (boolean((if (//Block_120061/FieldGroup_120062/Field_0A0001E002A/text()) then (//Block_120061/FieldGroup_120062/Field_0A0001E002A/text()) else ''))  or boolean((if (//Block_120061/FieldGroup_120062/Field_0A0001E020A/text()) then (//Block_120061/FieldGroup_120062/Field_0A0001E020A/text()) else '')) ))) then true() else (false())))]/[fn:path(),'A hitelintézetet megillető illetékkedvezmény magánszemély #13vagyonszerző esetén nem választható. (Hibakód=&lt;M103&gt;)']</Xpath>
					<RuleType>VALIDITY_RULE</RuleType>
					<Severity>CRITICAL</Severity>
				</Rule>
				<Rule ruleId="17351">
					<Xpath>//Block_120073/Chain_120319/Chain_elem[(not(if ( ((not(boolean((if (FieldGroup_120084/Field_0FXXXXD0034AA/text()) then (FieldGroup_120084/Field_0FXXXXD0034AA/text()) else false)) )) or not((if (//Block_120097/FieldGroup_120063/Field_0A0001F003A/text()) then (xs:decimal(//Block_120097/FieldGroup_120063/Field_0A0001F003A/text())) else xs:decimal(0))=(2 )))) then true() else (false())))]/[fn:path(),'A hitelintézetet megillető illetékkedvezmény csak #13visszterhes szerzés esetén választható. #13(Hibakód=&lt;M104&gt;)']</Xpath>
					<RuleType>VALIDITY_RULE</RuleType>
					<Severity>CRITICAL</Severity>
				</Rule>
			</Rules>
		</Elem>
		<Elem name="Field_0FXXXXD0035CA" type="FIELD">
			<Rules>
				<Rule ruleId="17810">
					<Xpath>//Block_120073/Chain_120319/Chain_elem[(not(if ( ((not(boolean((if (FieldGroup_120084/Field_0FXXXXD0035AA/text()) then (FieldGroup_120084/Field_0FXXXXD0035AA/text()) else false)) )) or boolean((if (FieldGroup_120084/Field_0FXXXXD0035CA/text()) then (FieldGroup_120084/Field_0FXXXXD0035CA/text()) else false)) )) then true() else (false())))]/[fn:path(),'Az illetékmentességhez/illetékkedvezményhez a szükséges #13nyilatkozatot vagy kötelezettségvállalást is jelölni kell. #13(Hibakód=&lt;M182&gt;)']</Xpath>
					<RuleType>VALIDITY_RULE</RuleType>
					<Severity>ERROR</Severity>
				</Rule>
			</Rules>
		</Elem>
		<Elem name="Field_0BXXXXC0003AA" type="FIELD">
			<Rules>
				<Rule ruleId="17007">
					<Xpath>//Block_120066/Chain_120067/Chain_elem[(not(if ( (boolean((if (FieldGroup_120068/Field_0BXXXXC0003AA/text()) then (FieldGroup_120068/Field_0BXXXXC0003AA/text()) else '')) )) then true() else (false())))]/[fn:path(),'Az ingatlan-nyilvántartás szerinti megnevezést kötelező #13kitölteni. (Hibakód=&lt;I004&gt;)']</Xpath>
					<RuleType>VALIDITY_RULE</RuleType>
					<Severity>CRITICAL</Severity>
				</Rule>
			</Rules>
		</Elem>
		<Elem name="Field_0IXXXXD0065BA" type="FIELD">
			<Rules>
				<Rule ruleId="17821">
					<Xpath>//Block_120073/Chain_120354/Chain_elem[(not(if ( ((not(boolean((if (FieldGroup_120355/Field_0IXXXXD0065AA/text()) then (FieldGroup_120355/Field_0IXXXXD0065AA/text()) else false)) )) or boolean((if (FieldGroup_120355/Field_0IXXXXD0065BA/text()) then (FieldGroup_120355/Field_0IXXXXD0065BA/text()) else false)) )) then true() else (false())))]/[fn:path(),'Az illetékmentességhez/illetékkedvezményhez a szükséges #13nyilatkozatot vagy kötelezettségvállalást is jelölni kell. #13(Hibakód=&lt;M182&gt;)']</Xpath>
					<RuleType>VALIDITY_RULE</RuleType>
					<Severity>ERROR</Severity>
				</Rule>
			</Rules>
		</Elem>
		<Elem name="Field_0EXXXXF0026AA" type="FIELD">
			<Rules>
				<Rule ruleId="17142">
					<Xpath>//Block_120073/Chain_120333/Chain_elem[(not(if ( ((not(boolean((if (FieldGroup_120209/Field_0EXXXXF0026AA/text()) then (FieldGroup_120209/Field_0EXXXXF0026AA/text()) else false)) )) or (boolean((if (//Block_120061/FieldGroup_120062/Field_0A0001E001A/text()) then (//Block_120061/FieldGroup_120062/Field_0A0001E001A/text()) else ''))  or (count(((//Block_120061/FieldGroup_120062/Field_0A0001E015A/text()), (//Block_120061/FieldGroup_120062/Field_0A0001E016A/text()) , (//Block_120061/FieldGroup_120062/Field_0A0001E017A/text()) , (//Block_120061/FieldGroup_120062/Field_0A0001E018A/text()) , (//Block_120061/FieldGroup_120062/Field_0A0001E019A/text())  )) = 5)))) then true() else (false())))]/[fn:path(),'A házastársi vagyonközösség megszüntetésének mentessége #13csak magánszemély vagyonszerző esetén választható. #13(Hibakód=&lt;M079&gt;)']</Xpath>
					<RuleType>VALIDITY_RULE</RuleType>
					<Severity>CRITICAL</Severity>
				</Rule>
			</Rules>
		</Elem>
		<Elem name="Field_0DXXXXD0013AA" type="FIELD">
			<Rules>
				<Rule ruleId="17340">
					<Xpath>//Block_120073/Chain_120264/Chain_elem[(not(if ( ((not(boolean((if (FieldGroup_120076/Field_0DXXXXD0013AA/text()) then (FieldGroup_120076/Field_0DXXXXD0013AA/text()) else false)) )) or not((if (//Block_120097/FieldGroup_120063/Field_0A0001F003A/text()) then (xs:decimal(//Block_120097/FieldGroup_120063/Field_0A0001F003A/text())) else xs:decimal(0))=(2 )))) then true() else (false())))]/[fn:path(),'A lakástulajdon és bérlakás cseréjének kedvezménye csak #13visszterhes szerzés esetén választható. #13(Hibakód=&lt;M045&gt;)']</Xpath>
					<RuleType>VALIDITY_RULE</RuleType>
					<Severity>CRITICAL</Severity>
				</Rule>
			</Rules>
		</Elem>
		<Elem name="Field_0DXXXXD0002BA" type="FIELD">
			<Rules>
				<Rule ruleId="17796">
					<Xpath>//Block_120073/Chain_120264/Chain_elem[(not(if ( ((not(boolean((if (FieldGroup_120076/Field_0DXXXXD0002AA/text()) then (FieldGroup_120076/Field_0DXXXXD0002AA/text()) else false)) )) or boolean((if (FieldGroup_120076/Field_0DXXXXD0002BA/text()) then (FieldGroup_120076/Field_0DXXXXD0002BA/text()) else false)) )) then true() else (false())))]/[fn:path(),'Az illetékmentességhez/illetékkedvezményhez a szükséges #13nyilatkozatot vagy kötelezettségvállalást is jelölni kell. #13(Hibakód=&lt;M182&gt;)']</Xpath>
					<RuleType>VALIDITY_RULE</RuleType>
					<Severity>ERROR</Severity>
				</Rule>
			</Rules>
		</Elem>
		<Elem name="Field_0BXXXXE0010CA" type="FIELD">
			<Rules>
				<Rule ruleId="17399">
					<Xpath>//Block_120066/Chain_120067/Chain_elem[(not(if ( ((not(boolean((if (FieldGroup_120068/Field_0BXXXXE0010AA/text()) then (FieldGroup_120068/Field_0BXXXXE0010AA/text()) else false)) )) or boolean((if (FieldGroup_120068/Field_0BXXXXE0010CA/text()) then (xs:decimal(FieldGroup_120068/Field_0BXXXXE0010CA/text())) else xs:decimal(0))) )) then true() else (false())))]/[fn:path(),'Kötelező megadni, hogy a vagyonszerző a megszerzett #13ingatlanon kiválasztott jogát milyen tulajdoni hányadban #13szerezte meg. (Hibakód=&lt;I011&gt;)']</Xpath>
					<RuleType>VALIDITY_RULE</RuleType>
					<Severity>CRITICAL</Severity>
				</Rule>
				<Rule ruleId="17017">
					<Xpath>//Block_120066/Chain_120067/Chain_elem[(not(if ( ((not((count(((FieldGroup_120068/Field_0BXXXXE0010BA/text()), (FieldGroup_120068/Field_0BXXXXE0010CA/text())  )) = 2))) or ((if (FieldGroup_120068/Field_0BXXXXE0010CA/text()) then (xs:decimal(FieldGroup_120068/Field_0BXXXXE0010CA/text())) else xs:decimal(0)) &gt;= (if (FieldGroup_120068/Field_0BXXXXE0010BA/text()) then (xs:decimal(FieldGroup_120068/Field_0BXXXXE0010BA/text())) else xs:decimal(0))))) then true() else (false())))]/[fn:path(),'A tulajdoni hányad nem lehet több, mint az ingatlan egésze. #13(Hibakód=&lt;I007&gt;)']</Xpath>
					<RuleType>VALIDITY_RULE</RuleType>
					<Severity>CRITICAL</Severity>
				</Rule>
				<Rule ruleId="17471">
					<Xpath>//Block_120066/Chain_120067/Chain_elem[(not(if ( ((not((((count(((FieldGroup_120068/Field_0BXXXXD0005AA/text()), (FieldGroup_120068/Field_0BXXXXD0005BA/text()) , (FieldGroup_120068/Field_0BXXXXE0010BA/text()) , (FieldGroup_120068/Field_0BXXXXE0010CA/text())  )) = 4) and ((if (FieldGroup_120068/Field_0BXXXXD0005BA/text()) then (xs:decimal(FieldGroup_120068/Field_0BXXXXD0005BA/text())) else xs:decimal(0)) &gt; 0)) and ((if (FieldGroup_120068/Field_0BXXXXE0010CA/text()) then (xs:decimal(FieldGroup_120068/Field_0BXXXXE0010CA/text())) else xs:decimal(0)) &gt; 0)))) or (((if (FieldGroup_120068/Field_0BXXXXD0005AA/text()) then (xs:decimal(FieldGroup_120068/Field_0BXXXXD0005AA/text())) else xs:decimal(0)) div (if (FieldGroup_120068/Field_0BXXXXD0005BA/text()) then (xs:decimal(FieldGroup_120068/Field_0BXXXXD0005BA/text())) else xs:decimal(0))  ) &gt;= ((if (FieldGroup_120068/Field_0BXXXXE0010BA/text()) then (xs:decimal(FieldGroup_120068/Field_0BXXXXE0010BA/text())) else xs:decimal(0)) div (if (FieldGroup_120068/Field_0BXXXXE0010CA/text()) then (xs:decimal(FieldGroup_120068/Field_0BXXXXE0010CA/text())) else xs:decimal(0))  )))) then true() else (false())))]/[fn:path(),'A vagyonszerző által szerzett tulajdoni hányad nem lehet #13több, mint az okirattal érintett tulajdoni hányad. #13(Hibakód=&lt;I012&gt;)']</Xpath>
					<RuleType>VALIDITY_RULE</RuleType>
					<Severity>CRITICAL</Severity>
				</Rule>
			</Rules>
		</Elem>
		<Elem name="Field_0CXXXXF0018AA" type="FIELD">
			<Rules>
				<Rule ruleId="16997">
					<Xpath>//Block_120069/Chain_120070/Chain_elem[(not(if ( ((not((count(((FieldGroup_120118/Field_0CXXXXF0016AA/text()), (FieldGroup_120118/Field_0CXXXXF0017AA/text()) , (FieldGroup_120118/Field_0CXXXXF0018AA/text())  )) &gt; 0))) or (count(((FieldGroup_120118/Field_0CXXXXF0016AA/text()), (FieldGroup_120118/Field_0CXXXXF0017AA/text()) , (FieldGroup_120118/Field_0CXXXXF0018AA/text())  )) = 1))) then true() else (false())))]/[fn:path(),'Kötelező kitölteni az átruházó adóazonosító jelét vagy az #13adószámát, vagy jelölni szükséges, hogy nem rendelkezik #13egyikkel sem. A három lehetőség közül azonban csak az egyik #13tölthető ki. (Hibakód=&lt;A001&gt;)']</Xpath>
					<RuleType>VALIDITY_RULE</RuleType>
					<Severity>CRITICAL</Severity>
				</Rule>
			</Rules>
		</Elem>
		<Elem name="Field_0A0001F003A" type="FIELD">
			<Rules>
				<Rule ruleId="17060">
					<Xpath>//Block_120097[(not(if ( (boolean((if (//Block_120097/FieldGroup_120063/Field_0A0001F003A/text()) then (xs:decimal(//Block_120097/FieldGroup_120063/Field_0A0001F003A/text())) else xs:decimal(0))) )) then true() else (false())))]/[fn:path(),'A vagyonszerzés jogcímét kötelező megadni. #13(Hibakód=&lt;O004&gt;)']</Xpath>
					<RuleType>VALIDITY_RULE</RuleType>
					<Severity>CRITICAL</Severity>
				</Rule>
			</Rules>
		</Elem>
		<Elem name="Field_0EXXXXC002A" type="FIELD">
			<Rules>
				<Rule ruleId="17757">
					<Xpath>//Block_120073/Chain_120274/Chain_elem[(not(if ( (((((((((((((((((((((((((count(((FieldGroup_120275/Field_0EXXXXC001A/text()), (FieldGroup_120275/Field_0EXXXXC002A/text())  )) = 0)) and ((count(((FieldGroup_120275/Field_0EXXXXC001A/text()), (FieldGroup_120275/Field_0EXXXXC002A/text())  )) = 0))) and ((count(((FieldGroup_120275/Field_0EXXXXC001A/text()), (FieldGroup_120275/Field_0EXXXXC002A/text())  )) = 0))) and ((count(((FieldGroup_120275/Field_0EXXXXC001A/text()), (FieldGroup_120275/Field_0EXXXXC002A/text())  )) = 0))) and ((count(((FieldGroup_120275/Field_0EXXXXC001A/text()), (FieldGroup_120275/Field_0EXXXXC002A/text())  )) = 0))) and ((count(((FieldGroup_120275/Field_0EXXXXC001A/text()), (FieldGroup_120275/Field_0EXXXXC002A/text())  )) = 0))) and ((count(((FieldGroup_120275/Field_0EXXXXC001A/text()), (FieldGroup_120275/Field_0EXXXXC002A/text())  )) = 0))) and ((count(((FieldGroup_120275/Field_0EXXXXC001A/text()), (FieldGroup_120275/Field_0EXXXXC002A/text())  )) = 0))) and ((count(((FieldGroup_120275/Field_0EXXXXC001A/text()), (FieldGroup_120275/Field_0EXXXXC002A/text())  )) = 0))) and ((count(((FieldGroup_120275/Field_0EXXXXC001A/text()), (FieldGroup_120275/Field_0EXXXXC002A/text())  )) = 0))) and ((count(((FieldGroup_120275/Field_0EXXXXC001A/text()), (FieldGroup_120275/Field_0EXXXXC002A/text())  )) = 0))) and ((count(((FieldGroup_120275/Field_0EXXXXC001A/text()), (FieldGroup_120275/Field_0EXXXXC002A/text())  )) = 0))) and ((count(((FieldGroup_120275/Field_0EXXXXC001A/text()), (FieldGroup_120275/Field_0EXXXXC002A/text())  )) = 0))) and ((count(((FieldGroup_120275/Field_0EXXXXC001A/text()), (FieldGroup_120275/Field_0EXXXXC002A/text())  )) = 0))) and ((count(((FieldGroup_120275/Field_0EXXXXC001A/text()), (FieldGroup_120275/Field_0EXXXXC002A/text())  )) = 0))) and ((count(((FieldGroup_120275/Field_0EXXXXC001A/text()), (FieldGroup_120275/Field_0EXXXXC002A/text())  )) = 0))) and ((count(((FieldGroup_120275/Field_0EXXXXC001A/text()), (FieldGroup_120275/Field_0EXXXXC002A/text())  )) = 0))) and ((count(((FieldGroup_120275/Field_0EXXXXC001A/text()), (FieldGroup_120275/Field_0EXXXXC002A/text())  )) = 0))) and ((count(((FieldGroup_120275/Field_0EXXXXC001A/text()), (FieldGroup_120275/Field_0EXXXXC002A/text())  )) = 0))) and ((count(((FieldGroup_120275/Field_0EXXXXC001A/text()), (FieldGroup_120275/Field_0EXXXXC002A/text())  )) = 0))) and ((count(((FieldGroup_120275/Field_0EXXXXC001A/text()), (FieldGroup_120275/Field_0EXXXXC002A/text())  )) = 0))) and ((count(((FieldGroup_120275/Field_0EXXXXC001A/text()), (FieldGroup_120275/Field_0EXXXXC002A/text())  )) = 0))) and ((count(((FieldGroup_120275/Field_0EXXXXC001A/text()), (FieldGroup_120275/Field_0EXXXXC002A/text())  )) = 0))))) then true() else (false())))]/[fn:path(),'Illetékmentességet, illetékkedvezményt csak a település és #13a hozzá tartozó helyrajzi szám megadása után jelölhet, #13aminek azonosnak kell lennie a korábban megadott #13megszerzett ingatlanok valamelyikével. #13(Hibakód=&lt;M001&gt;)']</Xpath>
					<RuleType>VALIDITY_RULE</RuleType>
					<Severity>CRITICAL</Severity>
				</Rule>
				<Rule ruleId="17619">
					<Xpath>//Block_120073/Chain_120274/Chain_elem[(not(if ( ((boolean((if (FieldGroup_120275/Field_0EXXXXC002A/text()) then (FieldGroup_120275/Field_0EXXXXC002A/text()) else '')) ))) then true() else (false())))]/[fn:path(),'A helyrajzi szám mezőbe csak szám, nagybetű és / jel #13írható, de számot mindenképpen kell tartalmaznia.  #13(Hibakód=&lt;I021&gt;)']</Xpath>
					<RuleType>VALIDITY_RULE</RuleType>
					<Severity>CRITICAL</Severity>
				</Rule>
				<Rule ruleId="17560">
					<Xpath>//Block_120073/Chain_120274/Chain_elem[(not(if ( ((not((count(((FieldGroup_120275/Field_0EXXXXC001A/text()), (FieldGroup_120275/Field_0EXXXXC002A/text())  )) &gt; 0))) or (count(((FieldGroup_120275/Field_0EXXXXC001A/text()), (FieldGroup_120275/Field_0EXXXXC002A/text())  )) = 2))) then true() else (false())))]/[fn:path(),'Kedvezménycsoportonként a települést és a helyrajzi számot #13együtt kötelező megadni. (Hibakód=&lt;M179&gt;)']</Xpath>
					<RuleType>VALIDITY_RULE</RuleType>
					<Severity>CRITICAL</Severity>
				</Rule>
			</Rules>
		</Elem>
		<Elem name="Field_0FXXXXD0035BA" type="FIELD">
			<Rules>
				<Rule ruleId="17809">
					<Xpath>//Block_120073/Chain_120319/Chain_elem[(not(if ( ((not(boolean((if (FieldGroup_120084/Field_0FXXXXD0035AA/text()) then (FieldGroup_120084/Field_0FXXXXD0035AA/text()) else false)) )) or boolean((if (FieldGroup_120084/Field_0FXXXXD0035BA/text()) then (FieldGroup_120084/Field_0FXXXXD0035BA/text()) else false)) )) then true() else (false())))]/[fn:path(),'Az illetékmentességhez/illetékkedvezményhez a szükséges #13nyilatkozatot vagy kötelezettségvállalást is jelölni kell. #13(Hibakód=&lt;M182&gt;)']</Xpath>
					<RuleType>VALIDITY_RULE</RuleType>
					<Severity>ERROR</Severity>
				</Rule>
			</Rules>
		</Elem>
		<Elem name="Field_0HXXXXD0054AA" type="FIELD">
			<Rules>
				<Rule ruleId="17371">
					<Xpath>//Block_120073/Chain_120324/Chain_elem[(not(if ( ((not(boolean((if (FieldGroup_120092/Field_0HXXXXD0054AA/text()) then (FieldGroup_120092/Field_0HXXXXD0054AA/text()) else false)) )) or (if (//Block_120097/FieldGroup_120063/Field_0A0001F003A/text()) then (xs:decimal(//Block_120097/FieldGroup_120063/Field_0A0001F003A/text())) else xs:decimal(0))=(2 , 3  ))) then true() else (false())))]/[fn:path(),'A tudományos, művészeti, oktatási, közművelődési, közjóléti #13célú ajándék illetékmentessége csak ajándékozás, ingyenes #13szerzés esetén választható. (Hibakód=&lt;M144&gt;)']</Xpath>
					<RuleType>VALIDITY_RULE</RuleType>
					<Severity>CRITICAL</Severity>
				</Rule>
			</Rules>
		</Elem>
		<Elem name="Field_0IXXXXD0064AA" type="FIELD">
			<Rules>
				<Rule ruleId="17221">
					<Xpath>//Block_120073/Chain_120354/Chain_elem[(not(if ( ((not(boolean((if (FieldGroup_120355/Field_0IXXXXD0064AA/text()) then (FieldGroup_120355/Field_0IXXXXD0064AA/text()) else false)) )) or (boolean((if (//Block_120061/FieldGroup_120062/Field_0A0001E002A/text()) then (//Block_120061/FieldGroup_120062/Field_0A0001E002A/text()) else ''))  or boolean((if (//Block_120061/FieldGroup_120062/Field_0A0001E020A/text()) then (//Block_120061/FieldGroup_120062/Field_0A0001E020A/text()) else '')) ))) then true() else (false())))]/[fn:path(),'A vagyonkezelő alapítványt megillető illetékmentesség #13magánszemély vagyonszerző esetén nem választható. #13(Hibakód=&lt;M162&gt;)']</Xpath>
					<RuleType>VALIDITY_RULE</RuleType>
					<Severity>CRITICAL</Severity>
				</Rule>
			</Rules>
		</Elem>
		<Elem name="Field_0A0001E020A" type="FIELD">
			<Rules>
				<Rule ruleId="17055">
					<Xpath>//Block_120061[(not(if ( ((not((count(((//Block_120061/FieldGroup_120062/Field_0A0001E015A/text()), (//Block_120061/FieldGroup_120062/Field_0A0001E016A/text()) , (//Block_120061/FieldGroup_120062/Field_0A0001E017A/text()) , (//Block_120061/FieldGroup_120062/Field_0A0001E018A/text()) , (//Block_120061/FieldGroup_120062/Field_0A0001E019A/text())  )) &gt; 0))) or not(boolean((if (//Block_120061/FieldGroup_120062/Field_0A0001E020A/text()) then (//Block_120061/FieldGroup_120062/Field_0A0001E020A/text()) else '')) ))) then true() else (false())))]/[fn:path(),'Adóazonosító jel vagy adószám hiányában a címadatokon kívül #13vagy a magánszemély személyes adatait, vagy a külföldi #13vállalkozás adószámát kell megadni. (Hibakód=&lt;V008&gt;)']</Xpath>
					<RuleType>VALIDITY_RULE</RuleType>
					<Severity>CRITICAL</Severity>
				</Rule>
			</Rules>
		</Elem>
		<Elem name="Field_0BXXXXF0019CA" type="FIELD">
			<Rules>
				<Rule ruleId="17028">
					<Xpath>//Block_120066/Chain_120067/Chain_elem[(not(if ( ((not(boolean((if (FieldGroup_120068/Field_0BXXXXF0019AA/text()) then (FieldGroup_120068/Field_0BXXXXF0019AA/text()) else false)) )) or (boolean((if (FieldGroup_120068/Field_0BXXXXF0019CA/text()) then (xs:decimal(FieldGroup_120068/Field_0BXXXXF0019CA/text())) else xs:decimal(0)))  and ((if (FieldGroup_120068/Field_0BXXXXF0019CA/text()) then (xs:decimal(FieldGroup_120068/Field_0BXXXXF0019CA/text())) else xs:decimal(0)) &gt; 0)))) then true() else (false())))]/[fn:path(),'Ha az ingatlanon van melléképület, vagy lakástulajdon #13szerzése esetén a főépületben lévő olyan helyiség, ami nem #13minősül lakásnak, úgy annak típusát és területét kötelező #13megadni, de a területéhez 0 érték nem írható be. #13(Hibakód=&lt;I016&gt;)']</Xpath>
					<RuleType>VALIDITY_RULE</RuleType>
					<Severity>CRITICAL</Severity>
				</Rule>
			</Rules>
		</Elem>
		<Elem name="Field_0BXXXXF0018AA" type="FIELD">
			<Rules>
				<Rule ruleId="17422">
					<Xpath>//Block_120066/Chain_120067/Chain_elem[(not(if ( ((not(boolean((if (FieldGroup_120068/Field_0BXXXXF0018AA/text()) then (FieldGroup_120068/Field_0BXXXXF0018AA/text()) else false)) )))) then true() else (false())))]/[fn:path(),'- (Hibakód=&lt;E006&gt;)']</Xpath>
					<RuleType>VALIDITY_RULE</RuleType>
					<Severity>CRITICAL</Severity>
				</Rule>
			</Rules>
		</Elem>
		<Elem name="Field_0BXXXXE0008CA" type="FIELD">
			<Rules>
				<Rule ruleId="17014">
					<Xpath>//Block_120066/Chain_120067/Chain_elem[(not(if ( ((not(boolean((if (FieldGroup_120068/Field_0BXXXXE0008AA/text()) then (FieldGroup_120068/Field_0BXXXXE0008AA/text()) else false)) )) or boolean((if (FieldGroup_120068/Field_0BXXXXE0008CA/text()) then (xs:decimal(FieldGroup_120068/Field_0BXXXXE0008CA/text())) else xs:decimal(0))) )) then true() else (false())))]/[fn:path(),'Kötelező megadni, hogy a vagyonszerző a megszerzett #13ingatlanon kiválasztott jogát milyen tulajdoni hányadban #13szerezte meg. (Hibakód=&lt;I011&gt;)']</Xpath>
					<RuleType>VALIDITY_RULE</RuleType>
					<Severity>CRITICAL</Severity>
				</Rule>
				<Rule ruleId="17015">
					<Xpath>//Block_120066/Chain_120067/Chain_elem[(not(if ( ((not((count(((FieldGroup_120068/Field_0BXXXXE0008BA/text()), (FieldGroup_120068/Field_0BXXXXE0008CA/text())  )) = 2))) or ((if (FieldGroup_120068/Field_0BXXXXE0008CA/text()) then (xs:decimal(FieldGroup_120068/Field_0BXXXXE0008CA/text())) else xs:decimal(0)) &gt;= (if (FieldGroup_120068/Field_0BXXXXE0008BA/text()) then (xs:decimal(FieldGroup_120068/Field_0BXXXXE0008BA/text())) else xs:decimal(0))))) then true() else (false())))]/[fn:path(),'A tulajdoni hányad nem lehet több, mint az ingatlan egésze. #13(Hibakód=&lt;I007&gt;)']</Xpath>
					<RuleType>VALIDITY_RULE</RuleType>
					<Severity>CRITICAL</Severity>
				</Rule>
				<Rule ruleId="17469">
					<Xpath>//Block_120066/Chain_120067/Chain_elem[(not(if ( ((not((((count(((FieldGroup_120068/Field_0BXXXXD0005AA/text()), (FieldGroup_120068/Field_0BXXXXD0005BA/text()) , (FieldGroup_120068/Field_0BXXXXE0008BA/text()) , (FieldGroup_120068/Field_0BXXXXE0008CA/text())  )) = 4) and ((if (FieldGroup_120068/Field_0BXXXXD0005BA/text()) then (xs:decimal(FieldGroup_120068/Field_0BXXXXD0005BA/text())) else xs:decimal(0)) &gt; 0)) and ((if (FieldGroup_120068/Field_0BXXXXE0008CA/text()) then (xs:decimal(FieldGroup_120068/Field_0BXXXXE0008CA/text())) else xs:decimal(0)) &gt; 0)))) or (((if (FieldGroup_120068/Field_0BXXXXD0005AA/text()) then (xs:decimal(FieldGroup_120068/Field_0BXXXXD0005AA/text())) else xs:decimal(0)) div (if (FieldGroup_120068/Field_0BXXXXD0005BA/text()) then (xs:decimal(FieldGroup_120068/Field_0BXXXXD0005BA/text())) else xs:decimal(0))  ) &gt;= ((if (FieldGroup_120068/Field_0BXXXXE0008BA/text()) then (xs:decimal(FieldGroup_120068/Field_0BXXXXE0008BA/text())) else xs:decimal(0)) div (if (FieldGroup_120068/Field_0BXXXXE0008CA/text()) then (xs:decimal(FieldGroup_120068/Field_0BXXXXE0008CA/text())) else xs:decimal(0))  )))) then true() else (false())))]/[fn:path(),'A vagyonszerző által szerzett tulajdoni hányad nem lehet #13több, mint az okirattal érintett tulajdoni hányad. #13(Hibakód=&lt;I012&gt;)']</Xpath>
					<RuleType>VALIDITY_RULE</RuleType>
					<Severity>CRITICAL</Severity>
				</Rule>
			</Rules>
		</Elem>
		<Elem name="Field_0DXXXXD0003AA" type="FIELD">
			<Rules>
				<Rule ruleId="17073">
					<Xpath>//Block_120073/Chain_120264/Chain_elem[(not(if ( ((not(boolean((if (FieldGroup_120076/Field_0DXXXXD0003AA/text()) then (FieldGroup_120076/Field_0DXXXXD0003AA/text()) else false)) )) or (boolean((if (//Block_120061/FieldGroup_120062/Field_0A0001E001A/text()) then (//Block_120061/FieldGroup_120062/Field_0A0001E001A/text()) else ''))  or (count(((//Block_120061/FieldGroup_120062/Field_0A0001E015A/text()), (//Block_120061/FieldGroup_120062/Field_0A0001E016A/text()) , (//Block_120061/FieldGroup_120062/Field_0A0001E017A/text()) , (//Block_120061/FieldGroup_120062/Field_0A0001E018A/text()) , (//Block_120061/FieldGroup_120062/Field_0A0001E019A/text())  )) = 5)))) then true() else (false())))]/[fn:path(),'A CSOK-hoz kapcsolódó illetékmentesség csak magánszemély #13vagyonszerző esetén választható. (Hibakód=&lt;M012&gt;)']</Xpath>
					<RuleType>VALIDITY_RULE</RuleType>
					<Severity>CRITICAL</Severity>
				</Rule>
				<Rule ruleId="17330">
					<Xpath>//Block_120073/Chain_120264/Chain_elem[(not(if ( ((not(boolean((if (FieldGroup_120076/Field_0DXXXXD0003AA/text()) then (FieldGroup_120076/Field_0DXXXXD0003AA/text()) else false)) )) or not((if (//Block_120097/FieldGroup_120063/Field_0A0001F003A/text()) then (xs:decimal(//Block_120097/FieldGroup_120063/Field_0A0001F003A/text())) else xs:decimal(0))=(2 )))) then true() else (false())))]/[fn:path(),'A CSOK-hoz kapcsolódó illetékmentesség csak visszterhes #13szerzés esetén választható. (Hibakód=&lt;M013&gt;)']</Xpath>
					<RuleType>VALIDITY_RULE</RuleType>
					<Severity>CRITICAL</Severity>
				</Rule>
			</Rules>
		</Elem>
		<Elem name="Field_0BXXXXD50001A" type="FIELD">
			<Rules>
				<Rule ruleId="17874">
					<Xpath>//Block_120066/Chain_120067/Chain_elem[(not(if ( (boolean((if (FieldGroup_120068/Field_0BXXXXD50001A/text()) then (FieldGroup_120068/Field_0BXXXXD50001A/text()) else '')) )) then true() else (false())))]/[fn:path(),'Kötelező megadni a tulajdoni hányad okirat szerinti, ennek #13hiányában nyilatkozott értékének devizanem kódját. #13(Hibakód=&lt;I028&gt;)']</Xpath>
					<RuleType>VALIDITY_RULE</RuleType>
					<Severity>CRITICAL</Severity>
				</Rule>
			</Rules>
		</Elem>
		<Elem name="Field_0BXXXXE0011BA" type="FIELD">
			<Rules>
				<Rule ruleId="17439">
					<Xpath>//Block_120066/Chain_120067/Chain_elem[(not(if ( ((not(boolean((if (FieldGroup_120068/Field_0BXXXXE0011AA/text()) then (FieldGroup_120068/Field_0BXXXXE0011AA/text()) else false)) )) or boolean((if (FieldGroup_120068/Field_0BXXXXE0011BA/text()) then (xs:decimal(FieldGroup_120068/Field_0BXXXXE0011BA/text())) else xs:decimal(0))) )) then true() else (false())))]/[fn:path(),'Kötelező megadni, hogy a vagyonszerző a megszerzett #13ingatlanon kiválasztott jogát milyen tulajdoni hányadban #13szerezte meg. (Hibakód=&lt;I011&gt;)']</Xpath>
					<RuleType>VALIDITY_RULE</RuleType>
					<Severity>CRITICAL</Severity>
				</Rule>
			</Rules>
		</Elem>
		<Elem name="Field_0FXXXXD0033AA" type="FIELD">
			<Rules>
				<Rule ruleId="17162">
					<Xpath>//Block_120073/Chain_120319/Chain_elem[(not(if ( ((not(boolean((if (FieldGroup_120084/Field_0FXXXXD0033AA/text()) then (FieldGroup_120084/Field_0FXXXXD0033AA/text()) else false)) )) or (boolean((if (//Block_120061/FieldGroup_120062/Field_0A0001E002A/text()) then (//Block_120061/FieldGroup_120062/Field_0A0001E002A/text()) else ''))  or boolean((if (//Block_120061/FieldGroup_120062/Field_0A0001E020A/text()) then (//Block_120061/FieldGroup_120062/Field_0A0001E020A/text()) else '')) ))) then true() else (false())))]/[fn:path(),'Az ingatlanalapot megillető illetékkedvezmény magánszemély #13vagyonszerző esetén nem választható. (Hibakód=&lt;M100&gt;)']</Xpath>
					<RuleType>VALIDITY_RULE</RuleType>
					<Severity>CRITICAL</Severity>
				</Rule>
				<Rule ruleId="17350">
					<Xpath>//Block_120073/Chain_120319/Chain_elem[(not(if ( ((not(boolean((if (FieldGroup_120084/Field_0FXXXXD0033AA/text()) then (FieldGroup_120084/Field_0FXXXXD0033AA/text()) else false)) )) or not((if (//Block_120097/FieldGroup_120063/Field_0A0001F003A/text()) then (xs:decimal(//Block_120097/FieldGroup_120063/Field_0A0001F003A/text())) else xs:decimal(0))=(2 )))) then true() else (false())))]/[fn:path(),'Az ingatlanalapot megillető illetékkedvezmény csak #13visszterhes szerzés esetén választható. #13(Hibakód=&lt;M101&gt;)']</Xpath>
					<RuleType>VALIDITY_RULE</RuleType>
					<Severity>CRITICAL</Severity>
				</Rule>
			</Rules>
		</Elem>
		<Elem name="Field_0FXXXXD0035EA" type="FIELD">
			<Rules>
				<Rule ruleId="17811">
					<Xpath>//Block_120073/Chain_120319/Chain_elem[(not(if ( ((not(boolean((if (FieldGroup_120084/Field_0FXXXXD0035AA/text()) then (FieldGroup_120084/Field_0FXXXXD0035AA/text()) else false)) )) or boolean((if (FieldGroup_120084/Field_0FXXXXD0035EA/text()) then (FieldGroup_120084/Field_0FXXXXD0035EA/text()) else false)) )) then true() else (false())))]/[fn:path(),'Az illetékmentességhez/illetékkedvezményhez a szükséges #13nyilatkozatot vagy kötelezettségvállalást is jelölni kell. #13(Hibakód=&lt;M182&gt;)']</Xpath>
					<RuleType>VALIDITY_RULE</RuleType>
					<Severity>ERROR</Severity>
				</Rule>
			</Rules>
		</Elem>
		<Elem name="Field_0HXXXXC001A" type="FIELD">
			<Rules>
				<Rule ruleId="17762">
					<Xpath>//Block_120073/Chain_120322/Chain_elem[(not(if ( ((((((((((((((((((((((((count(((FieldGroup_120334/Field_0HXXXXC001A/text()), (FieldGroup_120334/Field_0HXXXXC002A/text())  )) = 0)) and ((count(((FieldGroup_120334/Field_0HXXXXC001A/text()), (FieldGroup_120334/Field_0HXXXXC002A/text())  )) = 0))) and ((count(((FieldGroup_120334/Field_0HXXXXC001A/text()), (FieldGroup_120334/Field_0HXXXXC002A/text())  )) = 0))) and ((count(((FieldGroup_120334/Field_0HXXXXC001A/text()), (FieldGroup_120334/Field_0HXXXXC002A/text())  )) = 0))) and ((count(((FieldGroup_120334/Field_0HXXXXC001A/text()), (FieldGroup_120334/Field_0HXXXXC002A/text())  )) = 0))) and ((count(((FieldGroup_120334/Field_0HXXXXC001A/text()), (FieldGroup_120334/Field_0HXXXXC002A/text())  )) = 0))) and ((count(((FieldGroup_120334/Field_0HXXXXC001A/text()), (FieldGroup_120334/Field_0HXXXXC002A/text())  )) = 0))) and ((count(((FieldGroup_120334/Field_0HXXXXC001A/text()), (FieldGroup_120334/Field_0HXXXXC002A/text())  )) = 0))) and ((count(((FieldGroup_120334/Field_0HXXXXC001A/text()), (FieldGroup_120334/Field_0HXXXXC002A/text())  )) = 0))) and ((count(((FieldGroup_120334/Field_0HXXXXC001A/text()), (FieldGroup_120334/Field_0HXXXXC002A/text())  )) = 0))) and ((count(((FieldGroup_120334/Field_0HXXXXC001A/text()), (FieldGroup_120334/Field_0HXXXXC002A/text())  )) = 0))) and ((count(((FieldGroup_120334/Field_0HXXXXC001A/text()), (FieldGroup_120334/Field_0HXXXXC002A/text())  )) = 0))) and ((count(((FieldGroup_120334/Field_0HXXXXC001A/text()), (FieldGroup_120334/Field_0HXXXXC002A/text())  )) = 0))) and ((count(((FieldGroup_120334/Field_0HXXXXC001A/text()), (FieldGroup_120334/Field_0HXXXXC002A/text())  )) = 0))) and ((count(((FieldGroup_120334/Field_0HXXXXC001A/text()), (FieldGroup_120334/Field_0HXXXXC002A/text())  )) = 0))) and ((count(((FieldGroup_120334/Field_0HXXXXC001A/text()), (FieldGroup_120334/Field_0HXXXXC002A/text())  )) = 0))) and ((count(((FieldGroup_120334/Field_0HXXXXC001A/text()), (FieldGroup_120334/Field_0HXXXXC002A/text())  )) = 0))) and ((count(((FieldGroup_120334/Field_0HXXXXC001A/text()), (FieldGroup_120334/Field_0HXXXXC002A/text())  )) = 0))) and ((count(((FieldGroup_120334/Field_0HXXXXC001A/text()), (FieldGroup_120334/Field_0HXXXXC002A/text())  )) = 0))) and ((count(((FieldGroup_120334/Field_0HXXXXC001A/text()), (FieldGroup_120334/Field_0HXXXXC002A/text())  )) = 0))) and ((count(((FieldGroup_120334/Field_0HXXXXC001A/text()), (FieldGroup_120334/Field_0HXXXXC002A/text())  )) = 0))) and ((count(((FieldGroup_120334/Field_0HXXXXC001A/text()), (FieldGroup_120334/Field_0HXXXXC002A/text())  )) = 0))))) then true() else (false())))]/[fn:path(),'Illetékmentességet, illetékkedvezményt csak a település és #13a hozzá tartozó helyrajzi szám megadása után jelölhet, #13aminek azonosnak kell lennie a korábban megadott #13megszerzett ingatlanok valamelyikével. #13(Hibakód=&lt;M001&gt;)']</Xpath>
					<RuleType>VALIDITY_RULE</RuleType>
					<Severity>CRITICAL</Severity>
				</Rule>
			</Rules>
		</Elem>
		<Elem name="Field_0BXXXXC0002AA" type="FIELD">
			<Rules>
				<Rule ruleId="16858">
					<Xpath>//Block_120066/Chain_120067/Chain_elem[(not(if ( ((//matrices/matrix[@azon='B400E_cim_lista']/elem[*]/ertek[2]))) then true() else (false())))]/[fn:path(),'- (Hibakód=&lt;E007&gt;)']</Xpath>
					<RuleType>LISTVALUES_RULE</RuleType>
					<Severity>ERROR</Severity>
				</Rule>
			</Rules>
		</Elem>
		<Elem name="Field_0GXXXXD0072AA" type="FIELD">
			<Rules>
				<Rule ruleId="17181">
					<Xpath>//Block_120073/Chain_120338/Chain_elem[(not(if ( ((not(boolean((if (FieldGroup_120339/Field_0GXXXXD0072AA/text()) then (FieldGroup_120339/Field_0GXXXXD0072AA/text()) else false)) )) or (boolean((if (//Block_120061/FieldGroup_120062/Field_0A0001E002A/text()) then (//Block_120061/FieldGroup_120062/Field_0A0001E002A/text()) else ''))  or boolean((if (//Block_120061/FieldGroup_120062/Field_0A0001E020A/text()) then (//Block_120061/FieldGroup_120062/Field_0A0001E020A/text()) else '')) ))) then true() else (false())))]/[fn:path(),'Az egyéni vállalkozó eszközeinek egyszemélyes korlátolt #13felelősségű társaság vagy egyéni cég általi megszerzésének #13illetékmentessége magánszemély vagyonszerző esetén nem #13választható. (Hibakód=&lt;M119&gt;)']</Xpath>
					<RuleType>VALIDITY_RULE</RuleType>
					<Severity>CRITICAL</Severity>
				</Rule>
				<Rule ruleId="17358">
					<Xpath>//Block_120073/Chain_120338/Chain_elem[(not(if ( ((not(boolean((if (FieldGroup_120339/Field_0GXXXXD0072AA/text()) then (FieldGroup_120339/Field_0GXXXXD0072AA/text()) else false)) )) or not((if (//Block_120097/FieldGroup_120063/Field_0A0001F003A/text()) then (xs:decimal(//Block_120097/FieldGroup_120063/Field_0A0001F003A/text())) else xs:decimal(0))=(2 )))) then true() else (false())))]/[fn:path(),'Az egyéni vállalkozó eszközeinek egyszemélyes korlátolt #13felelősségű társaság vagy egyéni cég általi megszerzésének #13illetékmentessége csak visszterhes szerzés esetén #13választható. (Hibakód=&lt;M120&gt;)']</Xpath>
					<RuleType>VALIDITY_RULE</RuleType>
					<Severity>CRITICAL</Severity>
				</Rule>
			</Rules>
		</Elem>
		<Elem name="Field_0BXXXXE0011CA" type="FIELD">
			<Rules>
				<Rule ruleId="17400">
					<Xpath>//Block_120066/Chain_120067/Chain_elem[(not(if ( ((not(boolean((if (FieldGroup_120068/Field_0BXXXXE0011AA/text()) then (FieldGroup_120068/Field_0BXXXXE0011AA/text()) else false)) )) or boolean((if (FieldGroup_120068/Field_0BXXXXE0011CA/text()) then (xs:decimal(FieldGroup_120068/Field_0BXXXXE0011CA/text())) else xs:decimal(0))) )) then true() else (false())))]/[fn:path(),'Kötelező megadni, hogy a vagyonszerző a megszerzett #13ingatlanon kiválasztott jogát milyen tulajdoni hányadban #13szerezte meg. (Hibakód=&lt;I011&gt;)']</Xpath>
					<RuleType>VALIDITY_RULE</RuleType>
					<Severity>CRITICAL</Severity>
				</Rule>
				<Rule ruleId="17018">
					<Xpath>//Block_120066/Chain_120067/Chain_elem[(not(if ( ((not((count(((FieldGroup_120068/Field_0BXXXXE0011BA/text()), (FieldGroup_120068/Field_0BXXXXE0011CA/text())  )) = 2))) or ((if (FieldGroup_120068/Field_0BXXXXE0011CA/text()) then (xs:decimal(FieldGroup_120068/Field_0BXXXXE0011CA/text())) else xs:decimal(0)) &gt;= (if (FieldGroup_120068/Field_0BXXXXE0012BA/text()) then (xs:decimal(FieldGroup_120068/Field_0BXXXXE0012BA/text())) else xs:decimal(0))))) then true() else (false())))]/[fn:path(),'A tulajdoni hányad nem lehet több, mint az ingatlan egésze. #13(Hibakód=&lt;I007&gt;)']</Xpath>
					<RuleType>VALIDITY_RULE</RuleType>
					<Severity>CRITICAL</Severity>
				</Rule>
				<Rule ruleId="17472">
					<Xpath>//Block_120066/Chain_120067/Chain_elem[(not(if ( ((not((((count(((FieldGroup_120068/Field_0BXXXXD0005AA/text()), (FieldGroup_120068/Field_0BXXXXD0005BA/text()) , (FieldGroup_120068/Field_0BXXXXE0011BA/text()) , (FieldGroup_120068/Field_0BXXXXE0011CA/text())  )) = 4) and ((if (FieldGroup_120068/Field_0BXXXXD0005BA/text()) then (xs:decimal(FieldGroup_120068/Field_0BXXXXD0005BA/text())) else xs:decimal(0)) &gt; 0)) and ((if (FieldGroup_120068/Field_0BXXXXE0011CA/text()) then (xs:decimal(FieldGroup_120068/Field_0BXXXXE0011CA/text())) else xs:decimal(0)) &gt; 0)))) or (((if (FieldGroup_120068/Field_0BXXXXD0005AA/text()) then (xs:decimal(FieldGroup_120068/Field_0BXXXXD0005AA/text())) else xs:decimal(0)) div (if (FieldGroup_120068/Field_0BXXXXD0005BA/text()) then (xs:decimal(FieldGroup_120068/Field_0BXXXXD0005BA/text())) else xs:decimal(0))  ) &gt;= ((if (FieldGroup_120068/Field_0BXXXXE0011BA/text()) then (xs:decimal(FieldGroup_120068/Field_0BXXXXE0011BA/text())) else xs:decimal(0)) div (if (FieldGroup_120068/Field_0BXXXXE0011CA/text()) then (xs:decimal(FieldGroup_120068/Field_0BXXXXE0011CA/text())) else xs:decimal(0))  )))) then true() else (false())))]/[fn:path(),'A vagyonszerző által szerzett tulajdoni hányad nem lehet #13több, mint az okirattal érintett tulajdoni hányad. #13(Hibakód=&lt;I012&gt;)']</Xpath>
					<RuleType>VALIDITY_RULE</RuleType>
					<Severity>CRITICAL</Severity>
				</Rule>
			</Rules>
		</Elem>
		<Elem name="Field_0CXXXXF0019AA" type="FIELD">
			<Rules>
				<Rule ruleId="17002">
					<Xpath>//Block_120069/Chain_120070/Chain_elem[(not(if ( ((not((count(((FieldGroup_120118/Field_0CXXXXF0016AA/text()), (FieldGroup_120118/Field_0CXXXXF0017AA/text()) , (FieldGroup_120118/Field_0CXXXXF0018AA/text())  )) &gt; 0))) or boolean((if (FieldGroup_120118/Field_0CXXXXF0019AA/text()) then (FieldGroup_120118/Field_0CXXXXF0019AA/text()) else '')) )) then true() else (false())))]/[fn:path(),'Kötelező megadni az átruházó nevét. (Hibakód=&lt;A002&gt;)']</Xpath>
					<RuleType>VALIDITY_RULE</RuleType>
					<Severity>CRITICAL</Severity>
				</Rule>
			</Rules>
		</Elem>
		<Elem name="Field_0BXXXXD0006AA" type="FIELD">
			<Rules>
				<Rule ruleId="17011">
					<Xpath>//Block_120066/Chain_120067/Chain_elem[(not(if ( (boolean((if (FieldGroup_120068/Field_0BXXXXD0006AA/text()) then (xs:decimal(FieldGroup_120068/Field_0BXXXXD0006AA/text())) else xs:decimal(0))) )) then true() else (false())))]/[fn:path(),'Az ingatlan értékét kötelező megadni. (Hibakód=&lt;I008&gt;)']</Xpath>
					<RuleType>VALIDITY_RULE</RuleType>
					<Severity>CRITICAL</Severity>
				</Rule>
				<Rule ruleId="17012">
					<Xpath>//Block_120066/Chain_120067/Chain_elem[(not(if ( (((if (FieldGroup_120068/Field_0BXXXXD0006AA/text()) then (xs:decimal(FieldGroup_120068/Field_0BXXXXD0006AA/text())) else xs:decimal(0)) &gt; 0))) then true() else (false())))]/[fn:path(),'Az ingatlan értéke nem lehet nulla forint. #13(Hibakód=&lt;I009&gt;)']</Xpath>
					<RuleType>VALIDITY_RULE</RuleType>
					<Severity>CRITICAL</Severity>
				</Rule>
			</Rules>
		</Elem>
		<Elem name="Field_0BXXXXE0010AA" type="FIELD">
			<Rules>
				<Rule ruleId="17428">
					<Xpath>//Block_120066/Chain_120067/Chain_elem[(not(if ( (((not(boolean((if (FieldGroup_120068/Field_0BXXXXE0010AA/text()) then (FieldGroup_120068/Field_0BXXXXE0010AA/text()) else false)) )) and (not(boolean((if (FieldGroup_120068/Field_0BXXXXE0010AA/text()) then (FieldGroup_120068/Field_0BXXXXE0010AA/text()) else false)) ))))) then true() else (false())))]/[fn:path(),'- (Hibakód=&lt;E006&gt;)']</Xpath>
					<RuleType>VALIDITY_RULE</RuleType>
					<Severity>CRITICAL</Severity>
				</Rule>
			</Rules>
		</Elem>
		<Elem name="Field_0CXXXXG0023AA" type="FIELD">
			<Rules>
				<Rule ruleId="16998">
					<Xpath>//Block_120069/Chain_120070/Chain_elem[(not(if ( ((not((count(((FieldGroup_120119/Field_0CXXXXG0021AA/text()), (FieldGroup_120119/Field_0CXXXXG0022AA/text()) , (FieldGroup_120119/Field_0CXXXXG0023AA/text())  )) &gt; 0))) or (count(((FieldGroup_120119/Field_0CXXXXG0021AA/text()), (FieldGroup_120119/Field_0CXXXXG0022AA/text()) , (FieldGroup_120119/Field_0CXXXXG0023AA/text())  )) = 1))) then true() else (false())))]/[fn:path(),'Kötelező kitölteni az átruházó adóazonosító jelét vagy az #13adószámát, vagy jelölni szükséges, hogy nem rendelkezik #13egyikkel sem. A három lehetőség közül azonban csak az egyik #13tölthető ki. (Hibakód=&lt;A001&gt;)']</Xpath>
					<RuleType>VALIDITY_RULE</RuleType>
					<Severity>CRITICAL</Severity>
				</Rule>
			</Rules>
		</Elem>
		<Elem name="Field_0EXXXXC00505A" type="FIELD">
			<Rules>
				<Rule ruleId="17839">
					<Xpath>//Block_120073/Chain_120274/Chain_elem[(not(if ( ((not(boolean((if (FieldGroup_120275/Field_0EXXXXC00505A/text()) then (FieldGroup_120275/Field_0EXXXXC00505A/text()) else false)) )) or ((if (Field_29687/text()) then (xs:decimal(Field_29687/text())) else xs:decimal(0)) = 1))) then true() else (false())))]/[fn:path(),'Mivel jelölte, hogy a kiválasztott kedvezményt/mentességet #13valamennyi megszerzett ingatlanra igénybe kívánja venni, #13így ezt a kedvezménycsoportot másik ingatlanra már nem #13töltheti ki! Ha korábban mégis kitöltötte, akkor törölje a #13másik ingatlanra kitöltött mentesség/kedvezménylapot az #13Ingatlan törlése funkcióval vagy törölje a jelölést a #13valamennyi ingatlanra vonatkozó mentesség/kedvezmény #13igénybevételére vonatkozó jelölőnégyzetből! #13(Hibakód=&lt;M185&gt;)']</Xpath>
					<RuleType>VALIDITY_RULE</RuleType>
					<Severity>CRITICAL</Severity>
				</Rule>
			</Rules>
		</Elem>
		<Elem name="Field_0FXXXXD0034BA" type="FIELD">
			<Rules>
				<Rule ruleId="17808">
					<Xpath>//Block_120073/Chain_120319/Chain_elem[(not(if ( ((not(boolean((if (FieldGroup_120084/Field_0FXXXXD0034AA/text()) then (FieldGroup_120084/Field_0FXXXXD0034AA/text()) else false)) )) or boolean((if (FieldGroup_120084/Field_0FXXXXD0034BA/text()) then (FieldGroup_120084/Field_0FXXXXD0034BA/text()) else false)) )) then true() else (false())))]/[fn:path(),'Az illetékmentességhez/illetékkedvezményhez a szükséges #13nyilatkozatot vagy kötelezettségvállalást is jelölni kell. #13(Hibakód=&lt;M182&gt;)']</Xpath>
					<RuleType>VALIDITY_RULE</RuleType>
					<Severity>ERROR</Severity>
				</Rule>
			</Rules>
		</Elem>
		<Elem name="Field_0HXXXXC002A" type="FIELD">
			<Rules>
				<Rule ruleId="17763">
					<Xpath>//Block_120073/Chain_120322/Chain_elem[(not(if ( ((((((((((((((((((((((((count(((FieldGroup_120334/Field_0HXXXXC001A/text()), (FieldGroup_120334/Field_0HXXXXC002A/text())  )) = 0)) and ((count(((FieldGroup_120334/Field_0HXXXXC001A/text()), (FieldGroup_120334/Field_0HXXXXC002A/text())  )) = 0))) and ((count(((FieldGroup_120334/Field_0HXXXXC001A/text()), (FieldGroup_120334/Field_0HXXXXC002A/text())  )) = 0))) and ((count(((FieldGroup_120334/Field_0HXXXXC001A/text()), (FieldGroup_120334/Field_0HXXXXC002A/text())  )) = 0))) and ((count(((FieldGroup_120334/Field_0HXXXXC001A/text()), (FieldGroup_120334/Field_0HXXXXC002A/text())  )) = 0))) and ((count(((FieldGroup_120334/Field_0HXXXXC001A/text()), (FieldGroup_120334/Field_0HXXXXC002A/text())  )) = 0))) and ((count(((FieldGroup_120334/Field_0HXXXXC001A/text()), (FieldGroup_120334/Field_0HXXXXC002A/text())  )) = 0))) and ((count(((FieldGroup_120334/Field_0HXXXXC001A/text()), (FieldGroup_120334/Field_0HXXXXC002A/text())  )) = 0))) and ((count(((FieldGroup_120334/Field_0HXXXXC001A/text()), (FieldGroup_120334/Field_0HXXXXC002A/text())  )) = 0))) and ((count(((FieldGroup_120334/Field_0HXXXXC001A/text()), (FieldGroup_120334/Field_0HXXXXC002A/text())  )) = 0))) and ((count(((FieldGroup_120334/Field_0HXXXXC001A/text()), (FieldGroup_120334/Field_0HXXXXC002A/text())  )) = 0))) and ((count(((FieldGroup_120334/Field_0HXXXXC001A/text()), (FieldGroup_120334/Field_0HXXXXC002A/text())  )) = 0))) and ((count(((FieldGroup_120334/Field_0HXXXXC001A/text()), (FieldGroup_120334/Field_0HXXXXC002A/text())  )) = 0))) and ((count(((FieldGroup_120334/Field_0HXXXXC001A/text()), (FieldGroup_120334/Field_0HXXXXC002A/text())  )) = 0))) and ((count(((FieldGroup_120334/Field_0HXXXXC001A/text()), (FieldGroup_120334/Field_0HXXXXC002A/text())  )) = 0))) and ((count(((FieldGroup_120334/Field_0HXXXXC001A/text()), (FieldGroup_120334/Field_0HXXXXC002A/text())  )) = 0))) and ((count(((FieldGroup_120334/Field_0HXXXXC001A/text()), (FieldGroup_120334/Field_0HXXXXC002A/text())  )) = 0))) and ((count(((FieldGroup_120334/Field_0HXXXXC001A/text()), (FieldGroup_120334/Field_0HXXXXC002A/text())  )) = 0))) and ((count(((FieldGroup_120334/Field_0HXXXXC001A/text()), (FieldGroup_120334/Field_0HXXXXC002A/text())  )) = 0))) and ((count(((FieldGroup_120334/Field_0HXXXXC001A/text()), (FieldGroup_120334/Field_0HXXXXC002A/text())  )) = 0))) and ((count(((FieldGroup_120334/Field_0HXXXXC001A/text()), (FieldGroup_120334/Field_0HXXXXC002A/text())  )) = 0))) and ((count(((FieldGroup_120334/Field_0HXXXXC001A/text()), (FieldGroup_120334/Field_0HXXXXC002A/text())  )) = 0))))) then true() else (false())))]/[fn:path(),'Illetékmentességet, illetékkedvezményt csak a település és #13a hozzá tartozó helyrajzi szám megadása után jelölhet, #13aminek azonosnak kell lennie a korábban megadott #13megszerzett ingatlanok valamelyikével. #13(Hibakód=&lt;M001&gt;)']</Xpath>
					<RuleType>VALIDITY_RULE</RuleType>
					<Severity>CRITICAL</Severity>
				</Rule>
				<Rule ruleId="17622">
					<Xpath>//Block_120073/Chain_120322/Chain_elem[(not(if ( ((boolean((if (FieldGroup_120334/Field_0HXXXXC002A/text()) then (FieldGroup_120334/Field_0HXXXXC002A/text()) else '')) ))) then true() else (false())))]/[fn:path(),'A helyrajzi szám mezőbe csak szám, nagybetű és / jel #13írható, de számot mindenképpen kell tartalmaznia.  #13(Hibakód=&lt;I021&gt;)']</Xpath>
					<RuleType>VALIDITY_RULE</RuleType>
					<Severity>CRITICAL</Severity>
				</Rule>
				<Rule ruleId="17497">
					<Xpath>//Block_120073/Chain_120322/Chain_elem[(not(if ( ((not(boolean((if (FieldGroup_120334/Field_0HXXXXC002A/text()) then (FieldGroup_120334/Field_0HXXXXC002A/text()) else '')) )) or ((concat((concat((concat((concat((concat((concat((concat((concat((concat((concat((concat((concat((concat((concat((concat((concat((concat((if(substring((if (FieldGroup_120334/Field_0HXXXXC002A/text()) then (FieldGroup_120334/Field_0HXXXXC002A/text()) else ''), 1, 1)=('0' , '1' , '2' , '3' , '4' , '5' , '6' , '7' , '8' , '9'  )) then 1 else 0), (if(substring((if (FieldGroup_120334/Field_0HXXXXC002A/text()) then (FieldGroup_120334/Field_0HXXXXC002A/text()) else ''), 2, 1)=('0' , '1' , '2' , '3' , '4' , '5' , '6' , '7' , '8' , '9'  )) then 1 else 0))), (if(substring((if (FieldGroup_120334/Field_0HXXXXC002A/text()) then (FieldGroup_120334/Field_0HXXXXC002A/text()) else ''), 3, 1)=('0' , '1' , '2' , '3' , '4' , '5' , '6' , '7' , '8' , '9'  )) then 1 else 0))), (if(substring((if (FieldGroup_120334/Field_0HXXXXC002A/text()) then (FieldGroup_120334/Field_0HXXXXC002A/text()) else ''), 4, 1)=('0' , '1' , '2' , '3' , '4' , '5' , '6' , '7' , '8' , '9'  )) then 1 else 0))), (if(substring((if (FieldGroup_120334/Field_0HXXXXC002A/text()) then (FieldGroup_120334/Field_0HXXXXC002A/text()) else ''), 5, 1)=('0' , '1' , '2' , '3' , '4' , '5' , '6' , '7' , '8' , '9'  )) then 1 else 0))), (if(substring((if (FieldGroup_120334/Field_0HXXXXC002A/text()) then (FieldGroup_120334/Field_0HXXXXC002A/text()) else ''), 6, 1)=('0' , '1' , '2' , '3' , '4' , '5' , '6' , '7' , '8' , '9'  )) then 1 else 0))), (if(substring((if (FieldGroup_120334/Field_0HXXXXC002A/text()) then (FieldGroup_120334/Field_0HXXXXC002A/text()) else ''), 7, 1)=('0' , '1' , '2' , '3' , '4' , '5' , '6' , '7' , '8' , '9'  )) then 1 else 0))), (if(substring((if (FieldGroup_120334/Field_0HXXXXC002A/text()) then (FieldGroup_120334/Field_0HXXXXC002A/text()) else ''), 8, 1)=('0' , '1' , '2' , '3' , '4' , '5' , '6' , '7' , '8' , '9'  )) then 1 else 0))), (if(substring((if (FieldGroup_120334/Field_0HXXXXC002A/text()) then (FieldGroup_120334/Field_0HXXXXC002A/text()) else ''), 9, 1)=('0' , '1' , '2' , '3' , '4' , '5' , '6' , '7' , '8' , '9'  )) then 1 else 0))), (if(substring((if (FieldGroup_120334/Field_0HXXXXC002A/text()) then (FieldGroup_120334/Field_0HXXXXC002A/text()) else ''), 10, 1)=('0' , '1' , '2' , '3' , '4' , '5' , '6' , '7' , '8' , '9'  )) then 1 else 0))), (if(substring((if (FieldGroup_120334/Field_0HXXXXC002A/text()) then (FieldGroup_120334/Field_0HXXXXC002A/text()) else ''), 11, 1)=('0' , '1' , '2' , '3' , '4' , '5' , '6' , '7' , '8' , '9'  )) then 1 else 0))), (if(substring((if (FieldGroup_120334/Field_0HXXXXC002A/text()) then (FieldGroup_120334/Field_0HXXXXC002A/text()) else ''), 12, 1)=('0' , '1' , '2' , '3' , '4' , '5' , '6' , '7' , '8' , '9'  )) then 1 else 0))), (if(substring((if (FieldGroup_120334/Field_0HXXXXC002A/text()) then (FieldGroup_120334/Field_0HXXXXC002A/text()) else ''), 13, 1)=('0' , '1' , '2' , '3' , '4' , '5' , '6' , '7' , '8' , '9'  )) then 1 else 0))), (if(substring((if (FieldGroup_120334/Field_0HXXXXC002A/text()) then (FieldGroup_120334/Field_0HXXXXC002A/text()) else ''), 14, 1)=('0' , '1' , '2' , '3' , '4' , '5' , '6' , '7' , '8' , '9'  )) then 1 else 0))), (if(substring((if (FieldGroup_120334/Field_0HXXXXC002A/text()) then (FieldGroup_120334/Field_0HXXXXC002A/text()) else ''), 15, 1)=('0' , '1' , '2' , '3' , '4' , '5' , '6' , '7' , '8' , '9'  )) then 1 else 0))), (if(substring((if (FieldGroup_120334/Field_0HXXXXC002A/text()) then (FieldGroup_120334/Field_0HXXXXC002A/text()) else ''), 16, 1)=('0' , '1' , '2' , '3' , '4' , '5' , '6' , '7' , '8' , '9'  )) then 1 else 0))), (if(substring((if (FieldGroup_120334/Field_0HXXXXC002A/text()) then (FieldGroup_120334/Field_0HXXXXC002A/text()) else ''), 17, 1)=('0' , '1' , '2' , '3' , '4' , '5' , '6' , '7' , '8' , '9'  )) then 1 else 0))), (if(substring((if (FieldGroup_120334/Field_0HXXXXC002A/text()) then (FieldGroup_120334/Field_0HXXXXC002A/text()) else ''), 18, 1)=('0' , '1' , '2' , '3' , '4' , '5' , '6' , '7' , '8' , '9'  )) then 1 else 0))) &gt; 0))) then true() else (false())))]/[fn:path(),'A helyrajzi szám mezőbe csak szám, nagybetű és / jel #13írható, de számot mindenképpen kell tartalmaznia.  #13(Hibakód=&lt;I021&gt;)']</Xpath>
					<RuleType>VALIDITY_RULE</RuleType>
					<Severity>CRITICAL</Severity>
				</Rule>
				<Rule ruleId="17563">
					<Xpath>//Block_120073/Chain_120322/Chain_elem[(not(if ( ((not((count(((FieldGroup_120334/Field_0HXXXXC001A/text()), (FieldGroup_120334/Field_0HXXXXC002A/text())  )) &gt; 0))) or (count(((FieldGroup_120334/Field_0HXXXXC001A/text()), (FieldGroup_120334/Field_0HXXXXC002A/text())  )) = 2))) then true() else (false())))]/[fn:path(),'Kedvezménycsoportonként a települést és a helyrajzi számot #13együtt kötelező megadni. (Hibakód=&lt;M179&gt;)']</Xpath>
					<RuleType>VALIDITY_RULE</RuleType>
					<Severity>CRITICAL</Severity>
				</Rule>
			</Rules>
		</Elem>
		<Elem name="Field_0IXXXXD0065AA" type="FIELD">
			<Rules>
				<Rule ruleId="17226">
					<Xpath>//Block_120073/Chain_120354/Chain_elem[(not(if ( ((not(boolean((if (FieldGroup_120355/Field_0IXXXXD0065AA/text()) then (FieldGroup_120355/Field_0IXXXXD0065AA/text()) else false)) )) or (boolean((if (//Block_120061/FieldGroup_120062/Field_0A0001E002A/text()) then (//Block_120061/FieldGroup_120062/Field_0A0001E002A/text()) else ''))  or boolean((if (//Block_120061/FieldGroup_120062/Field_0A0001E020A/text()) then (//Block_120061/FieldGroup_120062/Field_0A0001E020A/text()) else '')) ))) then true() else (false())))]/[fn:path(),'A más EGT-államban nyilvántartásba vett vagyonkezelő #13alapítványt megillető illetékmentesség magánszemély #13vagyonszerző esetén nem választható. (Hibakód=&lt;M164&gt;)']</Xpath>
					<RuleType>VALIDITY_RULE</RuleType>
					<Severity>CRITICAL</Severity>
				</Rule>
			</Rules>
		</Elem>
		<Elem name="Field_0BXXXXF0019AA" type="FIELD">
			<Rules>
				<Rule ruleId="17423">
					<Xpath>//Block_120066/Chain_120067/Chain_elem[(not(if ( ((not(boolean((if (FieldGroup_120068/Field_0BXXXXF0019AA/text()) then (FieldGroup_120068/Field_0BXXXXF0019AA/text()) else false)) )))) then true() else (false())))]/[fn:path(),'- (Hibakód=&lt;E006&gt;)']</Xpath>
					<RuleType>VALIDITY_RULE</RuleType>
					<Severity>CRITICAL</Severity>
				</Rule>
			</Rules>
		</Elem>
		<Elem name="Field_0BXXXXC0002BA" type="FIELD">
			<Rules>
				<Rule ruleId="17006">
					<Xpath>//Block_120066/Chain_120067/Chain_elem[(not(if ( ((count(((FieldGroup_120068/Field_0BXXXXC0002AA/text()), (FieldGroup_120068/Field_0BXXXXC0002BA/text())  )) = 2))) then true() else (false())))]/[fn:path(),'Az irányítószámot és a települést kötelező kitölteni. #13(Hibakód=&lt;I002&gt;)']</Xpath>
					<RuleType>VALIDITY_RULE</RuleType>
					<Severity>CRITICAL</Severity>
				</Rule>
				<Rule ruleId="16859">
					<Xpath>//Block_120066/Chain_120067/Chain_elem[(not(if ( ((//matrices/matrix[@azon='B400E_cim_lista']/elem[*]/ertek[1]))) then true() else (false())))]/[fn:path(),'- (Hibakód=&lt;E007&gt;)']</Xpath>
					<RuleType>LISTVALUES_RULE</RuleType>
					<Severity>ERROR</Severity>
				</Rule>
			</Rules>
		</Elem>
		<Elem name="Field_0BXXXXE0008AA" type="FIELD">
			<Rules>
				<Rule ruleId="17426">
					<Xpath>//Block_120066/Chain_120067/Chain_elem[(not(if ( (((not(boolean((if (FieldGroup_120068/Field_0BXXXXE0008AA/text()) then (FieldGroup_120068/Field_0BXXXXE0008AA/text()) else false)) )) and (not(boolean((if (FieldGroup_120068/Field_0BXXXXE0008AA/text()) then (FieldGroup_120068/Field_0BXXXXE0008AA/text()) else false)) ))))) then true() else (false())))]/[fn:path(),'- (Hibakód=&lt;E006&gt;)']</Xpath>
					<RuleType>VALIDITY_RULE</RuleType>
					<Severity>CRITICAL</Severity>
				</Rule>
			</Rules>
		</Elem>
		<Elem name="Field_0BXXXXE0009CA" type="FIELD">
			<Rules>
				<Rule ruleId="17398">
					<Xpath>//Block_120066/Chain_120067/Chain_elem[(not(if ( ((not(boolean((if (FieldGroup_120068/Field_0BXXXXE0009AA/text()) then (FieldGroup_120068/Field_0BXXXXE0009AA/text()) else false)) )) or boolean((if (FieldGroup_120068/Field_0BXXXXE0009CA/text()) then (xs:decimal(FieldGroup_120068/Field_0BXXXXE0009CA/text())) else xs:decimal(0))) )) then true() else (false())))]/[fn:path(),'Kötelező megadni, hogy a vagyonszerző a megszerzett #13ingatlanon kiválasztott jogát milyen tulajdoni hányadban #13szerezte meg. (Hibakód=&lt;I011&gt;)']</Xpath>
					<RuleType>VALIDITY_RULE</RuleType>
					<Severity>CRITICAL</Severity>
				</Rule>
				<Rule ruleId="17016">
					<Xpath>//Block_120066/Chain_120067/Chain_elem[(not(if ( ((not((count(((FieldGroup_120068/Field_0BXXXXE0009BA/text()), (FieldGroup_120068/Field_0BXXXXE0009CA/text())  )) = 2))) or ((if (FieldGroup_120068/Field_0BXXXXE0009CA/text()) then (xs:decimal(FieldGroup_120068/Field_0BXXXXE0009CA/text())) else xs:decimal(0)) &gt;= (if (FieldGroup_120068/Field_0BXXXXE0009BA/text()) then (xs:decimal(FieldGroup_120068/Field_0BXXXXE0009BA/text())) else xs:decimal(0))))) then true() else (false())))]/[fn:path(),'A tulajdoni hányad nem lehet több, mint az ingatlan egésze. #13(Hibakód=&lt;I007&gt;)']</Xpath>
					<RuleType>VALIDITY_RULE</RuleType>
					<Severity>CRITICAL</Severity>
				</Rule>
				<Rule ruleId="17470">
					<Xpath>//Block_120066/Chain_120067/Chain_elem[(not(if ( ((not((((count(((FieldGroup_120068/Field_0BXXXXD0005AA/text()), (FieldGroup_120068/Field_0BXXXXD0005BA/text()) , (FieldGroup_120068/Field_0BXXXXE0009BA/text()) , (FieldGroup_120068/Field_0BXXXXE0009CA/text())  )) = 4) and ((if (FieldGroup_120068/Field_0BXXXXD0005BA/text()) then (xs:decimal(FieldGroup_120068/Field_0BXXXXD0005BA/text())) else xs:decimal(0)) &gt; 0)) and ((if (FieldGroup_120068/Field_0BXXXXE0009CA/text()) then (xs:decimal(FieldGroup_120068/Field_0BXXXXE0009CA/text())) else xs:decimal(0)) &gt; 0)))) or (((if (FieldGroup_120068/Field_0BXXXXD0005AA/text()) then (xs:decimal(FieldGroup_120068/Field_0BXXXXD0005AA/text())) else xs:decimal(0)) div (if (FieldGroup_120068/Field_0BXXXXD0005BA/text()) then (xs:decimal(FieldGroup_120068/Field_0BXXXXD0005BA/text())) else xs:decimal(0))  ) &gt;= ((if (FieldGroup_120068/Field_0BXXXXE0009BA/text()) then (xs:decimal(FieldGroup_120068/Field_0BXXXXE0009BA/text())) else xs:decimal(0)) div (if (FieldGroup_120068/Field_0BXXXXE0009CA/text()) then (xs:decimal(FieldGroup_120068/Field_0BXXXXE0009CA/text())) else xs:decimal(0))  )))) then true() else (false())))]/[fn:path(),'A vagyonszerző által szerzett tulajdoni hányad nem lehet #13több, mint az okirattal érintett tulajdoni hányad. #13(Hibakód=&lt;I012&gt;)']</Xpath>
					<RuleType>VALIDITY_RULE</RuleType>
					<Severity>CRITICAL</Severity>
				</Rule>
			</Rules>
		</Elem>
		<Elem name="Field_0GXXXXD0042AA" type="FIELD">
			<Rules>
				<Rule ruleId="17188">
					<Xpath>//Block_120073/Chain_120338/Chain_elem[(not(if ( ((not(boolean((if (FieldGroup_120339/Field_0GXXXXD0042AA/text()) then (FieldGroup_120339/Field_0GXXXXD0042AA/text()) else false)) )) or (boolean((if (//Block_120061/FieldGroup_120062/Field_0A0001E002A/text()) then (//Block_120061/FieldGroup_120062/Field_0A0001E002A/text()) else ''))  or boolean((if (//Block_120061/FieldGroup_120062/Field_0A0001E020A/text()) then (//Block_120061/FieldGroup_120062/Field_0A0001E020A/text()) else '')) ))) then true() else (false())))]/[fn:path(),'A szabályozott ingatlanbefektetési társaság #13projekttársaságának vagyonszerzéséhez kapcsolódó #13illetékmentesség magánszemély vagyonszerző esetén nem #13választható. (Hibakód=&lt;M125&gt;)']</Xpath>
					<RuleType>VALIDITY_RULE</RuleType>
					<Severity>CRITICAL</Severity>
				</Rule>
				<Rule ruleId="17361">
					<Xpath>//Block_120073/Chain_120338/Chain_elem[(not(if ( ((not(boolean((if (FieldGroup_120339/Field_0GXXXXD0042AA/text()) then (FieldGroup_120339/Field_0GXXXXD0042AA/text()) else false)) )) or not((if (//Block_120097/FieldGroup_120063/Field_0A0001F003A/text()) then (xs:decimal(//Block_120097/FieldGroup_120063/Field_0A0001F003A/text())) else xs:decimal(0))=(2 )))) then true() else (false())))]/[fn:path(),'A szabályozott ingatlanbefektetési társaság #13projekttársaságának vagyonszerzéséhez kapcsolódó #13illetékmentesség csak visszterhes szerzés esetén #13választható. (Hibakód=&lt;M126&gt;)']</Xpath>
					<RuleType>VALIDITY_RULE</RuleType>
					<Severity>CRITICAL</Severity>
				</Rule>
			</Rules>
		</Elem>
		<Elem name="Field_0BXXXXE0012BA" type="FIELD">
			<Rules>
				<Rule ruleId="17440">
					<Xpath>//Block_120066/Chain_120067/Chain_elem[(not(if ( ((not(boolean((if (FieldGroup_120068/Field_0BXXXXE0012AA/text()) then (FieldGroup_120068/Field_0BXXXXE0012AA/text()) else false)) )) or boolean((if (FieldGroup_120068/Field_0BXXXXE0012BA/text()) then (xs:decimal(FieldGroup_120068/Field_0BXXXXE0012BA/text())) else xs:decimal(0))) )) then true() else (false())))]/[fn:path(),'Kötelező megadni, hogy a vagyonszerző a megszerzett #13ingatlanon kiválasztott jogát milyen tulajdoni hányadban #13szerezte meg. (Hibakód=&lt;I011&gt;)']</Xpath>
					<RuleType>VALIDITY_RULE</RuleType>
					<Severity>CRITICAL</Severity>
				</Rule>
			</Rules>
		</Elem>
		<Elem name="Field_0CXXXXC0004AA" type="FIELD">
			<Rules>
				<Rule ruleId="16999">
					<Xpath>//Block_120069/Chain_120070/Chain_elem[(not(if ( (boolean((if (FieldGroup_120115/Field_0CXXXXC0004AA/text()) then (FieldGroup_120115/Field_0CXXXXC0004AA/text()) else '')) )) then true() else (false())))]/[fn:path(),'Kötelező megadni az átruházó nevét. (Hibakód=&lt;A002&gt;)']</Xpath>
					<RuleType>VALIDITY_RULE</RuleType>
					<Severity>CRITICAL</Severity>
				</Rule>
			</Rules>
		</Elem>
		<Elem name="Field_0FXXXXD0036AA" type="FIELD">
			<Rules>
				<Rule ruleId="17171">
					<Xpath>//Block_120073/Chain_120319/Chain_elem[(not(if ( ((not(boolean((if (FieldGroup_120084/Field_0FXXXXD0036AA/text()) then (FieldGroup_120084/Field_0FXXXXD0036AA/text()) else false)) )) or (boolean((if (//Block_120061/FieldGroup_120062/Field_0A0001E002A/text()) then (//Block_120061/FieldGroup_120062/Field_0A0001E002A/text()) else ''))  or boolean((if (//Block_120061/FieldGroup_120062/Field_0A0001E020A/text()) then (//Block_120061/FieldGroup_120062/Field_0A0001E020A/text()) else '')) ))) then true() else (false())))]/[fn:path(),'A kedvezményezett átalakulás illetékmentessége magánszemély #13vagyonszerző esetén nem választható. (Hibakód=&lt;M109&gt;)']</Xpath>
					<RuleType>VALIDITY_RULE</RuleType>
					<Severity>CRITICAL</Severity>
				</Rule>
				<Rule ruleId="17353">
					<Xpath>//Block_120073/Chain_120319/Chain_elem[(not(if ( ((not(boolean((if (FieldGroup_120084/Field_0FXXXXD0036AA/text()) then (FieldGroup_120084/Field_0FXXXXD0036AA/text()) else false)) )) or not((if (//Block_120097/FieldGroup_120063/Field_0A0001F003A/text()) then (xs:decimal(//Block_120097/FieldGroup_120063/Field_0A0001F003A/text())) else xs:decimal(0))=(2 )))) then true() else (false())))]/[fn:path(),'A kedvezményezett átalakulás illetékmentessége csak #13visszterhes szerzés esetén választható. #13(Hibakód=&lt;M110&gt;)']</Xpath>
					<RuleType>VALIDITY_RULE</RuleType>
					<Severity>CRITICAL</Severity>
				</Rule>
			</Rules>
		</Elem>
		<Elem name="Field_0A0001I00503A" type="FIELD">
			<Rules>
				<Rule ruleId="17824">
					<Xpath>//Block_120364[(not(if ( ((not(boolean((if (Field_0A0001I00501A/text()) then (Field_0A0001I00501A/text()) else false)) )) or boolean((if (//Block_120364/FieldGroup_120368/Field_0A0001I00503A/text()) then (//Block_120364/FieldGroup_120368/Field_0A0001I00503A/text()) else '')) )) then true() else (false())))]/[fn:path(),'Ha úgy nyilatkozott, hogy a NAV-nál már folyamatban lévő #13vagyonszerzési ügyhöz tölti ki az adatlapot, úgy ennek az #13ügyszámnak a megadása kötelező! (Hibakód=&lt;U004&gt;)']</Xpath>
					<RuleType>VALIDITY_RULE</RuleType>
					<Severity>CRITICAL</Severity>
				</Rule>
			</Rules>
		</Elem>
		<Elem name="Field_0DXXXXD0008AA" type="FIELD">
			<Rules>
				<Rule ruleId="17335">
					<Xpath>//Block_120073/Chain_120264/Chain_elem[(not(if ( ((not(boolean((if (FieldGroup_120076/Field_0DXXXXD0008AA/text()) then (FieldGroup_120076/Field_0DXXXXD0008AA/text()) else false)) )) or not((if (//Block_120097/FieldGroup_120063/Field_0A0001F003A/text()) then (xs:decimal(//Block_120097/FieldGroup_120063/Field_0A0001F003A/text())) else xs:decimal(0))=(2 )))) then true() else (false())))]/[fn:path(),'Az önkormányzati, állami tulajdonban lévő lakás szerzésének #13illetékmentessége csak visszterhes szerzés esetén #13választható. (Hibakód=&lt;M031&gt;)']</Xpath>
					<RuleType>VALIDITY_RULE</RuleType>
					<Severity>CRITICAL</Severity>
				</Rule>
			</Rules>
		</Elem>
		<Elem name="Field_0HXXXXD0049AA" type="FIELD">
			<Rules>
				<Rule ruleId="17367">
					<Xpath>//Block_120073/Chain_120324/Chain_elem[(not(if ( ((not(boolean((if (FieldGroup_120092/Field_0HXXXXD0049AA/text()) then (FieldGroup_120092/Field_0HXXXXD0049AA/text()) else false)) )) or not((if (//Block_120097/FieldGroup_120063/Field_0A0001F003A/text()) then (xs:decimal(//Block_120097/FieldGroup_120063/Field_0A0001F003A/text())) else xs:decimal(0))=(2 )))) then true() else (false())))]/[fn:path(),'A kisajátítandó vagy közérdekű célra megvásárolt ingatlan #13vételárából történő ingatlanszerzéshez kapcsolódó #13illetékmentesség csak visszterhes szerzés esetén #13választható. (Hibakód=&lt;M138&gt;)']</Xpath>
					<RuleType>VALIDITY_RULE</RuleType>
					<Severity>CRITICAL</Severity>
				</Rule>
			</Rules>
		</Elem>
		<Elem name="Field_0IXXXXD0070AA" type="FIELD">
			<Rules>
				<Rule ruleId="17215">
					<Xpath>//Block_120073/Chain_120354/Chain_elem[(not(if ( ((count(((FieldGroup_120355/Field_0IXXXXD0070AA/text()), (FieldGroup_120355/Field_0IXXXXD0069AA/text()) , (FieldGroup_120355/Field_0IXXXXD0068AA/text()) , (FieldGroup_120355/Field_0IXXXXD0067AA/text()) , (FieldGroup_120355/Field_0IXXXXD0066AA/text()) , (FieldGroup_120355/Field_0IXXXXD0065AA/text()) , (FieldGroup_120355/Field_0IXXXXD0064AA/text()) , (FieldGroup_120355/Field_0IXXXXD0063AA/text()) , (FieldGroup_120355/Field_0IXXXXD0062AA/text()) , (FieldGroup_120355/Field_0IXXXXD0061AA/text()) , (FieldGroup_120355/Field_0IXXXXD0060AA/text())  )) &lt; 2))) then true() else (false())))]/[fn:path(),'Csak egyfajta teljes személyes illetékmentesség #13választható. (Hibakód=&lt;M153&gt;)']</Xpath>
					<RuleType>VALIDITY_RULE</RuleType>
					<Severity>CRITICAL</Severity>
				</Rule>
			</Rules>
		</Elem>
		<Elem name="Field_0DXXXXD0001CA" type="FIELD">
			<Rules>
				<Rule ruleId="17671">
					<Xpath>//Block_120073/Chain_120264/Chain_elem[(not(if ( ((not(boolean((if (FieldGroup_120076/Field_0DXXXXD0001AA/text()) then (FieldGroup_120076/Field_0DXXXXD0001AA/text()) else false)) )) or boolean((if (FieldGroup_120076/Field_0DXXXXD0001CA/text()) then (FieldGroup_120076/Field_0DXXXXD0001CA/text()) else '')) )) then true() else (false())))]/[fn:path(),'Kötelező megadni, hogy az eladott lakástulajdon melyik #13településen található. (Hibakód=&lt;M006&gt;)']</Xpath>
					<RuleType>VALIDITY_RULE</RuleType>
					<Severity>CRITICAL</Severity>
				</Rule>
			</Rules>
		</Elem>
		<Elem name="Field_0A0001E001A" type="FIELD">
			<Rules>
				<Rule ruleId="17268">
					<Xpath>//Block_120061[(not(if ( ((((((((((((((((((boolean((if (//Block_120061/FieldGroup_120062/Field_0A0001E001A/text()) then (//Block_120061/FieldGroup_120062/Field_0A0001E001A/text()) else ''))  or boolean((if (//Block_120061/FieldGroup_120062/Field_0A0001E002A/text()) then (//Block_120061/FieldGroup_120062/Field_0A0001E002A/text()) else '')) )) and ((boolean((if (//Block_120061/FieldGroup_120062/Field_0A0001E001A/text()) then (//Block_120061/FieldGroup_120062/Field_0A0001E001A/text()) else ''))  or boolean((if (//Block_120061/FieldGroup_120062/Field_0A0001E002A/text()) then (//Block_120061/FieldGroup_120062/Field_0A0001E002A/text()) else '')) ))) and ((boolean((if (//Block_120061/FieldGroup_120062/Field_0A0001E001A/text()) then (//Block_120061/FieldGroup_120062/Field_0A0001E001A/text()) else ''))  or boolean((if (//Block_120061/FieldGroup_120062/Field_0A0001E002A/text()) then (//Block_120061/FieldGroup_120062/Field_0A0001E002A/text()) else '')) ))) and ((boolean((if (//Block_120061/FieldGroup_120062/Field_0A0001E001A/text()) then (//Block_120061/FieldGroup_120062/Field_0A0001E001A/text()) else ''))  or boolean((if (//Block_120061/FieldGroup_120062/Field_0A0001E002A/text()) then (//Block_120061/FieldGroup_120062/Field_0A0001E002A/text()) else '')) ))) and ((boolean((if (//Block_120061/FieldGroup_120062/Field_0A0001E001A/text()) then (//Block_120061/FieldGroup_120062/Field_0A0001E001A/text()) else ''))  or boolean((if (//Block_120061/FieldGroup_120062/Field_0A0001E002A/text()) then (//Block_120061/FieldGroup_120062/Field_0A0001E002A/text()) else '')) ))) and ((boolean((if (//Block_120061/FieldGroup_120062/Field_0A0001E001A/text()) then (//Block_120061/FieldGroup_120062/Field_0A0001E001A/text()) else ''))  or boolean((if (//Block_120061/FieldGroup_120062/Field_0A0001E002A/text()) then (//Block_120061/FieldGroup_120062/Field_0A0001E002A/text()) else '')) ))) and ((boolean((if (//Block_120061/FieldGroup_120062/Field_0A0001E001A/text()) then (//Block_120061/FieldGroup_120062/Field_0A0001E001A/text()) else ''))  or boolean((if (//Block_120061/FieldGroup_120062/Field_0A0001E002A/text()) then (//Block_120061/FieldGroup_120062/Field_0A0001E002A/text()) else '')) ))) and ((boolean((if (//Block_120061/FieldGroup_120062/Field_0A0001E001A/text()) then (//Block_120061/FieldGroup_120062/Field_0A0001E001A/text()) else ''))  or boolean((if (//Block_120061/FieldGroup_120062/Field_0A0001E002A/text()) then (//Block_120061/FieldGroup_120062/Field_0A0001E002A/text()) else '')) ))) and ((boolean((if (//Block_120061/FieldGroup_120062/Field_0A0001E001A/text()) then (//Block_120061/FieldGroup_120062/Field_0A0001E001A/text()) else ''))  or boolean((if (//Block_120061/FieldGroup_120062/Field_0A0001E002A/text()) then (//Block_120061/FieldGroup_120062/Field_0A0001E002A/text()) else '')) ))) and ((boolean((if (//Block_120061/FieldGroup_120062/Field_0A0001E001A/text()) then (//Block_120061/FieldGroup_120062/Field_0A0001E001A/text()) else ''))  or boolean((if (//Block_120061/FieldGroup_120062/Field_0A0001E002A/text()) then (//Block_120061/FieldGroup_120062/Field_0A0001E002A/text()) else '')) ))) and ((boolean((if (//Block_120061/FieldGroup_120062/Field_0A0001E001A/text()) then (//Block_120061/FieldGroup_120062/Field_0A0001E001A/text()) else ''))  or boolean((if (//Block_120061/FieldGroup_120062/Field_0A0001E002A/text()) then (//Block_120061/FieldGroup_120062/Field_0A0001E002A/text()) else '')) ))) and ((boolean((if (//Block_120061/FieldGroup_120062/Field_0A0001E001A/text()) then (//Block_120061/FieldGroup_120062/Field_0A0001E001A/text()) else ''))  or boolean((if (//Block_120061/FieldGroup_120062/Field_0A0001E002A/text()) then (//Block_120061/FieldGroup_120062/Field_0A0001E002A/text()) else '')) ))) and ((boolean((if (//Block_120061/FieldGroup_120062/Field_0A0001E001A/text()) then (//Block_120061/FieldGroup_120062/Field_0A0001E001A/text()) else ''))  or boolean((if (//Block_120061/FieldGroup_120062/Field_0A0001E002A/text()) then (//Block_120061/FieldGroup_120062/Field_0A0001E002A/text()) else '')) ))) and ((boolean((if (//Block_120061/FieldGroup_120062/Field_0A0001E001A/text()) then (//Block_120061/FieldGroup_120062/Field_0A0001E001A/text()) else ''))  or boolean((if (//Block_120061/FieldGroup_120062/Field_0A0001E002A/text()) then (//Block_120061/FieldGroup_120062/Field_0A0001E002A/text()) else '')) ))) and ((boolean((if (//Block_120061/FieldGroup_120062/Field_0A0001E001A/text()) then (//Block_120061/FieldGroup_120062/Field_0A0001E001A/text()) else ''))  or boolean((if (//Block_120061/FieldGroup_120062/Field_0A0001E002A/text()) then (//Block_120061/FieldGroup_120062/Field_0A0001E002A/text()) else '')) ))) and ((boolean((if (//Block_120061/FieldGroup_120062/Field_0A0001E001A/text()) then (//Block_120061/FieldGroup_120062/Field_0A0001E001A/text()) else ''))  or boolean((if (//Block_120061/FieldGroup_120062/Field_0A0001E002A/text()) then (//Block_120061/FieldGroup_120062/Field_0A0001E002A/text()) else '')) ))))) then true() else (false())))]/[fn:path(),'A vagyonszerző címadatát és személyes adatait csak akkor #13kell megadni, ha nem rendelkezik adóazonosító jellel vagy #13adószámmal, így a piros lakattal jelölt mezők tartalmát #13törölnie kell. (Hibakód=&lt;V006&gt;)']</Xpath>
					<RuleType>VALIDITY_RULE</RuleType>
					<Severity>CRITICAL</Severity>
				</Rule>
				<Rule ruleId="17745">
					<Xpath>//Block_120061[(not(if ( ((not(boolean((if (//Block_120061/FieldGroup_120062/Field_0A0001E001A/text()) then (//Block_120061/FieldGroup_120062/Field_0A0001E001A/text()) else '')) )))) then true() else (false())))]/[fn:path(),'A Vagyonszerző adatai mezőkből a törzsadatok ürítése #13nyomtatvány betöltésekor. (Hibakód=&lt;E003&gt;)']</Xpath>
					<RuleType>VALIDITY_RULE</RuleType>
					<Severity>ERROR</Severity>
				</Rule>
				<Rule ruleId="17748">
					<Xpath>//Block_120061[(not(if ( ((not(boolean((if (//Block_120061/FieldGroup_120062/Field_0A0001E002A/text()) then (//Block_120061/FieldGroup_120062/Field_0A0001E002A/text()) else '')) )))) then true() else (false())))]/[fn:path(),'A Vagyonszerző adatai mezőkből a törzsadatok ürítése #13nyomtatvány betöltésekor. (Hibakód=&lt;E003&gt;)']</Xpath>
					<RuleType>VALIDITY_RULE</RuleType>
					<Severity>ERROR</Severity>
				</Rule>
				<Rule ruleId="17751">
					<Xpath>//Block_120061[(not(if ( ((not(boolean((if (//Block_120061/FieldGroup_120062/Field_0A0001E003A/text()) then (//Block_120061/FieldGroup_120062/Field_0A0001E003A/text()) else '')) )))) then true() else (false())))]/[fn:path(),'A Vagyonszerző adatai mezőkből a törzsadatok ürítése #13nyomtatvány betöltésekor. (Hibakód=&lt;E003&gt;)']</Xpath>
					<RuleType>VALIDITY_RULE</RuleType>
					<Severity>ERROR</Severity>
				</Rule>
			</Rules>
		</Elem>
		<Elem name="Field_0BXXXXC0001AA" type="FIELD">
			<Rules>
				<Rule ruleId="17005">
					<Xpath>//Block_120066/Chain_120067/Chain_elem[(not(if ( (boolean((if (FieldGroup_120068/Field_0BXXXXC0001AA/text()) then (FieldGroup_120068/Field_0BXXXXC0001AA/text()) else '')) )) then true() else (false())))]/[fn:path(),'A helyrajzi számot kötelező kitölteni. #13(Hibakód=&lt;I001&gt;)']</Xpath>
					<RuleType>VALIDITY_RULE</RuleType>
					<Severity>CRITICAL</Severity>
				</Rule>
				<Rule ruleId="17616">
					<Xpath>//Block_120066/Chain_120067/Chain_elem[(not(if ( ((boolean((if (FieldGroup_120068/Field_0BXXXXC0001AA/text()) then (FieldGroup_120068/Field_0BXXXXC0001AA/text()) else '')) ))) then true() else (false())))]/[fn:path(),'A helyrajzi szám mezőbe csak szám, nagybetű és / jel #13írható, de számot mindenképpen kell tartalmaznia.  #13(Hibakód=&lt;I021&gt;)']</Xpath>
					<RuleType>VALIDITY_RULE</RuleType>
					<Severity>CRITICAL</Severity>
				</Rule>
			</Rules>
		</Elem>
		<Elem name="Field_0BXXXXE0008BA" type="FIELD">
			<Rules>
				<Rule ruleId="17436">
					<Xpath>//Block_120066/Chain_120067/Chain_elem[(not(if ( ((not(boolean((if (FieldGroup_120068/Field_0BXXXXE0008AA/text()) then (FieldGroup_120068/Field_0BXXXXE0008AA/text()) else false)) )) or boolean((if (FieldGroup_120068/Field_0BXXXXE0008BA/text()) then (xs:decimal(FieldGroup_120068/Field_0BXXXXE0008BA/text())) else xs:decimal(0))) )) then true() else (false())))]/[fn:path(),'Kötelező megadni, hogy a vagyonszerző a megszerzett #13ingatlanon kiválasztott jogát milyen tulajdoni hányadban #13szerezte meg. (Hibakód=&lt;I011&gt;)']</Xpath>
					<RuleType>VALIDITY_RULE</RuleType>
					<Severity>CRITICAL</Severity>
				</Rule>
			</Rules>
		</Elem>
		<Elem name="Field_0DXXXXC00504A" type="FIELD">
			<Rules>
				<Rule ruleId="17835">
					<Xpath>//Block_120073/Chain_120262/Chain_elem[(not(if ( ((not(boolean((if (FieldGroup_120220/Field_0DXXXXC00504A/text()) then (FieldGroup_120220/Field_0DXXXXC00504A/text()) else false)) )) or ((if (Field_29685/text()) then (xs:decimal(Field_29685/text())) else xs:decimal(0)) = 1))) then true() else (false())))]/[fn:path(),'Mivel jelölte, hogy a kiválasztott kedvezményt/mentességet #13valamennyi megszerzett ingatlanra igénybe kívánja venni, #13így ezt a kedvezménycsoportot másik ingatlanra már nem #13töltheti ki! Ha korábban mégis kitöltötte, akkor törölje a #13másik ingatlanra kitöltött mentesség/kedvezménylapot az #13Ingatlan törlése funkcióval vagy törölje a jelölést a #13valamennyi ingatlanra vonatkozó mentesség/kedvezmény #13igénybevételére vonatkozó jelölőnégyzetből! #13(Hibakód=&lt;M185&gt;)']</Xpath>
					<RuleType>VALIDITY_RULE</RuleType>
					<Severity>CRITICAL</Severity>
				</Rule>
			</Rules>
		</Elem>
		<Elem name="Field_0DXXXXD0011AA" type="FIELD">
			<Rules>
				<Rule ruleId="17100">
					<Xpath>//Block_120073/Chain_120264/Chain_elem[(not(if ( ((not(boolean((if (FieldGroup_120076/Field_0DXXXXD0011AA/text()) then (FieldGroup_120076/Field_0DXXXXD0011AA/text()) else false)) )) or (boolean((if (//Block_120061/FieldGroup_120062/Field_0A0001E001A/text()) then (//Block_120061/FieldGroup_120062/Field_0A0001E001A/text()) else ''))  or (count(((//Block_120061/FieldGroup_120062/Field_0A0001E015A/text()), (//Block_120061/FieldGroup_120062/Field_0A0001E016A/text()) , (//Block_120061/FieldGroup_120062/Field_0A0001E017A/text()) , (//Block_120061/FieldGroup_120062/Field_0A0001E018A/text()) , (//Block_120061/FieldGroup_120062/Field_0A0001E019A/text())  )) = 5)))) then true() else (false())))]/[fn:path(),'A visszavásárlási joggal bérbe adott lakás szerzésének #13mentessége csak magánszemély vagyonszerző esetén #13választható. (Hibakód=&lt;M039&gt;)']</Xpath>
					<RuleType>VALIDITY_RULE</RuleType>
					<Severity>CRITICAL</Severity>
				</Rule>
				<Rule ruleId="17338">
					<Xpath>//Block_120073/Chain_120264/Chain_elem[(not(if ( ((not(boolean((if (FieldGroup_120076/Field_0DXXXXD0011AA/text()) then (FieldGroup_120076/Field_0DXXXXD0011AA/text()) else false)) )) or not((if (//Block_120097/FieldGroup_120063/Field_0A0001F003A/text()) then (xs:decimal(//Block_120097/FieldGroup_120063/Field_0A0001F003A/text())) else xs:decimal(0))=(2 )))) then true() else (false())))]/[fn:path(),'A visszavásárlási joggal bérbe adott lakás szerzésének #13mentessége csak visszterhes szerzés esetén választható. #13(Hibakód=&lt;M040&gt;)']</Xpath>
					<RuleType>VALIDITY_RULE</RuleType>
					<Severity>CRITICAL</Severity>
				</Rule>
			</Rules>
		</Elem>
		<Elem name="Field_0GXXXXD0043BA" type="FIELD">
			<Rules>
				<Rule ruleId="17817">
					<Xpath>//Block_120073/Chain_120338/Chain_elem[(not(if ( ((not(boolean((if (FieldGroup_120339/Field_0GXXXXD0043AA/text()) then (FieldGroup_120339/Field_0GXXXXD0043AA/text()) else false)) )) or boolean((if (FieldGroup_120339/Field_0GXXXXD0043BA/text()) then (FieldGroup_120339/Field_0GXXXXD0043BA/text()) else false)) )) then true() else (false())))]/[fn:path(),'Az illetékmentességhez/illetékkedvezményhez a szükséges #13nyilatkozatot vagy kötelezettségvállalást is jelölni kell. #13(Hibakód=&lt;M182&gt;)']</Xpath>
					<RuleType>VALIDITY_RULE</RuleType>
					<Severity>ERROR</Severity>
				</Rule>
			</Rules>
		</Elem>
		<Elem name="Field_0IXXXXC00509A" type="FIELD">
			<Rules>
				<Rule ruleId="17843">
					<Xpath>//Block_120073/Chain_120352/Chain_elem[(not(if ( ((not(boolean((if (FieldGroup_120353/Field_0IXXXXC00509A/text()) then (FieldGroup_120353/Field_0IXXXXC00509A/text()) else false)) )) or ((if (Field_29699/text()) then (xs:decimal(Field_29699/text())) else xs:decimal(0)) = 1))) then true() else (false())))]/[fn:path(),'Mivel jelölte, hogy a kiválasztott kedvezményt/mentességet #13valamennyi megszerzett ingatlanra igénybe kívánja venni, #13így ezt a kedvezménycsoportot másik ingatlanra már nem #13töltheti ki! Ha korábban mégis kitöltötte, akkor törölje a #13másik ingatlanra kitöltött mentesség/kedvezménylapot az #13Ingatlan törlése funkcióval vagy törölje a jelölést a #13valamennyi ingatlanra vonatkozó mentesség/kedvezmény #13igénybevételére vonatkozó jelölőnégyzetből! #13(Hibakód=&lt;M185&gt;)']</Xpath>
					<RuleType>VALIDITY_RULE</RuleType>
					<Severity>CRITICAL</Severity>
				</Rule>
			</Rules>
		</Elem>
		<Elem name="Field_0BXXXXE0011AA" type="FIELD">
			<Rules>
				<Rule ruleId="17429">
					<Xpath>//Block_120066/Chain_120067/Chain_elem[(not(if ( (((not(boolean((if (FieldGroup_120068/Field_0BXXXXE0011AA/text()) then (FieldGroup_120068/Field_0BXXXXE0011AA/text()) else false)) )) and (not(boolean((if (FieldGroup_120068/Field_0BXXXXE0011AA/text()) then (FieldGroup_120068/Field_0BXXXXE0011AA/text()) else false)) ))))) then true() else (false())))]/[fn:path(),'- (Hibakód=&lt;E006&gt;)']</Xpath>
					<RuleType>VALIDITY_RULE</RuleType>
					<Severity>CRITICAL</Severity>
				</Rule>
			</Rules>
		</Elem>
		<Elem name="Field_0BXXXXE0012CA" type="FIELD">
			<Rules>
				<Rule ruleId="17401">
					<Xpath>//Block_120066/Chain_120067/Chain_elem[(not(if ( ((not(boolean((if (FieldGroup_120068/Field_0BXXXXE0012AA/text()) then (FieldGroup_120068/Field_0BXXXXE0012AA/text()) else false)) )) or boolean((if (FieldGroup_120068/Field_0BXXXXE0012CA/text()) then (xs:decimal(FieldGroup_120068/Field_0BXXXXE0012CA/text())) else xs:decimal(0))) )) then true() else (false())))]/[fn:path(),'Kötelező megadni, hogy a vagyonszerző a megszerzett #13ingatlanon kiválasztott jogát milyen tulajdoni hányadban #13szerezte meg. (Hibakód=&lt;I011&gt;)']</Xpath>
					<RuleType>VALIDITY_RULE</RuleType>
					<Severity>CRITICAL</Severity>
				</Rule>
				<Rule ruleId="17019">
					<Xpath>//Block_120066/Chain_120067/Chain_elem[(not(if ( ((not((count(((FieldGroup_120068/Field_0BXXXXE0012BA/text()), (FieldGroup_120068/Field_0BXXXXE0012CA/text())  )) = 2))) or ((if (FieldGroup_120068/Field_0BXXXXE0012CA/text()) then (xs:decimal(FieldGroup_120068/Field_0BXXXXE0012CA/text())) else xs:decimal(0)) &gt;= (if (FieldGroup_120068/Field_0BXXXXE0012BA/text()) then (xs:decimal(FieldGroup_120068/Field_0BXXXXE0012BA/text())) else xs:decimal(0))))) then true() else (false())))]/[fn:path(),'A tulajdoni hányad nem lehet több, mint az ingatlan egésze. #13(Hibakód=&lt;I007&gt;)']</Xpath>
					<RuleType>VALIDITY_RULE</RuleType>
					<Severity>CRITICAL</Severity>
				</Rule>
				<Rule ruleId="17473">
					<Xpath>//Block_120066/Chain_120067/Chain_elem[(not(if ( ((not((((count(((FieldGroup_120068/Field_0BXXXXD0005AA/text()), (FieldGroup_120068/Field_0BXXXXD0005BA/text()) , (FieldGroup_120068/Field_0BXXXXE0012BA/text()) , (FieldGroup_120068/Field_0BXXXXE0012CA/text())  )) = 4) and ((if (FieldGroup_120068/Field_0BXXXXD0005BA/text()) then (xs:decimal(FieldGroup_120068/Field_0BXXXXD0005BA/text())) else xs:decimal(0)) &gt; 0)) and ((if (FieldGroup_120068/Field_0BXXXXE0012CA/text()) then (xs:decimal(FieldGroup_120068/Field_0BXXXXE0012CA/text())) else xs:decimal(0)) &gt; 0)))) or (((if (FieldGroup_120068/Field_0BXXXXD0005AA/text()) then (xs:decimal(FieldGroup_120068/Field_0BXXXXD0005AA/text())) else xs:decimal(0)) div (if (FieldGroup_120068/Field_0BXXXXD0005BA/text()) then (xs:decimal(FieldGroup_120068/Field_0BXXXXD0005BA/text())) else xs:decimal(0))  ) &gt;= ((if (FieldGroup_120068/Field_0BXXXXE0012BA/text()) then (xs:decimal(FieldGroup_120068/Field_0BXXXXE0012BA/text())) else xs:decimal(0)) div (if (FieldGroup_120068/Field_0BXXXXE0012CA/text()) then (xs:decimal(FieldGroup_120068/Field_0BXXXXE0012CA/text())) else xs:decimal(0))  )))) then true() else (false())))]/[fn:path(),'A vagyonszerző által szerzett tulajdoni hányad nem lehet #13több, mint az okirattal érintett tulajdoni hányad. #13(Hibakód=&lt;I012&gt;)']</Xpath>
					<RuleType>VALIDITY_RULE</RuleType>
					<Severity>CRITICAL</Severity>
				</Rule>
			</Rules>
		</Elem>
		<Elem name="Field_0HXXXXD0052AA" type="FIELD">
			<Rules>
				<Rule ruleId="17370">
					<Xpath>//Block_120073/Chain_120324/Chain_elem[(not(if ( ((not(boolean((if (FieldGroup_120092/Field_0HXXXXD0052AA/text()) then (FieldGroup_120092/Field_0HXXXXD0052AA/text()) else false)) )) or not((if (//Block_120097/FieldGroup_120063/Field_0A0001F003A/text()) then (xs:decimal(//Block_120097/FieldGroup_120063/Field_0A0001F003A/text())) else xs:decimal(0))=(2 )))) then true() else (false())))]/[fn:path(),'Az állami, önkormányzati tulajdonú forgalomképtelen műemlék #13szerzéséhez kapcsolódó illetékmentesség csak visszterhes #13szerzés esetén választható. (Hibakód=&lt;M143&gt;)']</Xpath>
					<RuleType>VALIDITY_RULE</RuleType>
					<Severity>CRITICAL</Severity>
				</Rule>
			</Rules>
		</Elem>
		<Elem name="Field_0BXXXXB002A" type="FIELD">
			<Rules>
				<Rule ruleId="100165">
					<Xpath>((if (//Block_120061/FieldGroup_120062/Field_0A0001E003A/text()) then (//Block_120061/FieldGroup_120062/Field_0A0001E003A/text()) else ''))</Xpath>
					<RuleType>VALUECALC_RULE</RuleType>
					<Severity>WARNING</Severity>
				</Rule>
			</Rules>
		</Elem>
		<Elem name="Field_0BXXXXB003A" type="FIELD">
			<Rules>
				<Rule ruleId="100163">
					<Xpath>((if (//Block_120061/FieldGroup_120062/Field_0A0001E001A/text()) then (//Block_120061/FieldGroup_120062/Field_0A0001E001A/text()) else ''))</Xpath>
					<RuleType>VALUECALC_RULE</RuleType>
					<Severity>WARNING</Severity>
				</Rule>
			</Rules>
		</Elem>
		<Orders>
			<AllFieldCalcsOrder>
				<OrderedElem>PELDA_ELEM_AZONOSITO_1</OrderedElem>
				<OrderedElem>PELDA_ELEM_AZONOSITO_2</OrderedElem>
				<OrderedElem>PELDA_ELEM_AZONOSITO_3</OrderedElem>
			</AllFieldCalcsOrder>
		</Orders>
	</Form>
</DocumentRules>
